Scenario ID,Type,Scenario Name,Description,KPI ID,Impact Type,Impact Value,Plausibility,Severity,Recovery Qtrs,Mitigation Lever,Calibration Source,Applied_Severity_Mult
S37_v1.0_1,Stress,AI-driven MoMo fraud surge +500%,AI fraud attacks cause massive MoMo losses,FraudLosses,abs,275.4904,3,4,2,AI fraud detection,Kenya fraud trend,1.0
S22_v1.5_1,Stress,Oil price spike - pass-through inflation,"Crude oil +50%, diesel +80%",GeneratorOpex,pct,41.3564,3,3,1,Energy transition,site costs,1.5
S18_v0.5_2,Stress,Ghana sovereign downgrade to junk,"Moody's cuts Ghana to Caa1, foreign debt frozen",FXRepatriation,delta,0.5301,2,4,6,Onshore reinvestment,FY22 freeze,0.5
S32_v0.5_2,Combined,Regulatory storm (spectrum + e-levy + tariff cap),Three major regulatory hits simultaneously,FIN03,delta,-2.7378,2,5,6,Unified response (enhanced),margin crash,0.5
S21_v1.0_1,Stress,Cocoa/commodity crash - fiscal squeeze,"Cocoa prices fall 40%, export revenues drop",GDP,delta,-2.1211,3,3,2,FX hedging (enhanced),FY23 cocoa shock,1.0
S14_v1.0_2,Combined,Reverse-FY25 - all tailwinds vanish,"Cedi weakens, inflation rises, regulatory crackdown",Opex,pct,21.9805,3,5,4,Base case review,cost pressure,1.0
S31_v0.5_2,Stress,Data Protection Act fine - major enforcement,DPC fines MTN GHS 500m for data breach,ComplianceOpex,abs,111.2748,3,3,2,Data compliance,remediation cost,0.5
S40_v1.0_1,Stress,Telecel aggressive bundle reset,Telecel launches low‑price voice+data bundle,OPS04,pct,-7.359,4,3,2,Value proposition,competitor analysis,1.0
S30_v0.5_1,Shock,SIM re-registration 2.0 - 6-month disruption,"Mandatory new SIM registration, 6‑month process",MoMoUsers,pct,-5.3753,3,4,6,Stakeholder engagement,fintech impact,0.5
S75_v0.5_1,Stress,Minor cyber breach - limited data,Small leak of non‑sensitive data,Reputation,delta,-0.2393,4,2,1,Cyber hygiene (enhanced),low impact,0.5
S37_v1.5_2,Stress,AI-driven MoMo fraud surge +500%,AI fraud attacks cause massive MoMo losses,FraudLosses,abs,481.4085,3,4,2,AI fraud detection,Kenya fraud trend,1.5
S51_v1.5_2,Stress,Labour dispute - extended strike,Union strikes for 4 weeks over pay,Opex,abs,206.7344,2,3,2,Employee relations,FY21 strike cost,1.5
S09_v1.0_2,Shock,Mass data privacy breach,Customer data of 5M users leaked online,Reputation,delta,-2.8436,2,4,4,Data governance,GDPR analogue,1.0
S16_v1.5_2,Stress,Hyperinflation return - 50%+,"Inflation exceeds 50%, currency crisis deepens",Opex,pct,51.5719,2,5,6,Cost pass-through (enhanced),FY22 extreme,1.5
S28_v1.0_1,Stress,BoG MoMo interoperability mandate,Compulsory low‑cost interoperability with banks,FeeYield,pct,-30.6145,4,4,2,Fintech platform,revenue erosion,1.0
S30_v1.0_2,Shock,SIM re-registration 2.0 - 6-month disruption,"Mandatory new SIM registration, 6‑month process",ActiveSubs,pct,-8.3908,3,4,6,Stakeholder engagement,Nigeria SIM registration,1.0
S57_v1.5_1,Stress,Cedi devaluation -15% (mild),Cedi weakens 15% gradually,OPS04,pct,-11.6902,3,2,2,Tariff repricing,ARPU effect,1.5
S22_v0.5_2,Stress,Oil price spike - pass-through inflation,"Crude oil +50%, diesel +80%",DieselCost,pct,20.7543,3,3,1,Energy transition,FY22 fuel price,0.5
S90_v1.5_2,Upside,ECG prepaid metering for sites,Better power management reduces diesel use,DieselCost,pct,-7.1445,4,2,2,Energy efficiency,ongoing saving,1.5
S53_v1.5_2,Upside,MoMo lending / micro-insurance breakthrough,"MoMo lending scales 5x, insurance attach rate 20%",SEG03,pct,46.9088,3,4,4,Fintech growth (enhanced),industry opportunity,1.5
S19_v1.0_2,Upside,Cedi appreciation +30%,Cedi strengthens 30% on oil windfall,FIN03,delta,2.9011,3,3,2,Shareholder returns,FY25 tailwind,1.0
S60_v1.0_1,Stress,Inflation 35% (severe),CPI hits 35% after currency crisis,FIN03,delta,-5.1012,2,5,3,Price elasticity,FY22 extreme,1.0
S51_v1.5_1,Stress,Labour dispute - extended strike,Union strikes for 4 weeks over pay,CustomerService,delta,-0.6304,2,3,2,Employee relations,NPS decline,1.5
S12_v0.5_1,Combined,Fintech disruption + regulatory pressure,Bank-led wallets capture MoMo share + e-levy hike,SEG03,pct,-16.3897,3,4,4,Fintech strategy (enhanced),industry analysis,0.5
S46_v1.0_2,Stress,Starlink Ghana rural expansion,Starlink launches low‑cost rural satellite broadband,RuralDataSubs,pct,-5.1814,3,3,2,Satellite partnership,competitive threat,1.0
S37_v1.0_2,Stress,AI-driven MoMo fraud surge +500%,AI fraud attacks cause massive MoMo losses,MoMoUsers,pct,-7.5572,3,4,2,AI fraud detection,trust erosion,1.0
S43_v1.0_1,Stress,Price war - all operators cut data 40%,"Industry‑wide data price war, 40% cuts",FIN03,delta,-3.5019,3,4,2,Cost leadership,EBITDA margin,1.0
S13_v1.5_2,Combined,Network crisis + climate compound,Major outage + flooding + diesel shortage,OPS07,delta,-4.6446,2,5,6,Resilience investment (enhanced),coverage loss,1.5
S66_v0.5_1,Stress,Tariff floor removal only,"Price floor removed, moderate competition",FIN01,pct,-2.0698,3,3,2,Value stacking,Kenya analogue,0.5
S49_v0.5_2,Stress,Tower equipment supply chain disruption,Huawei sanctions delay tower equipment 6 months,CapexEfficiency,pct,-14.7304,3,3,2,Supplier diversification,global chip shortage,0.5
S12_v0.5_2,Combined,Fintech disruption + regulatory pressure,Bank-led wallets capture MoMo share + e-levy hike,FIN02,pct,-2.626,3,4,4,Fintech strategy,earnings impact,0.5
S17_v1.0_1,Stress,BoG emergency rate hike to 35%,MPC hikes policy rate to 35% in emergency meeting,CapexFinancing,pct,40.2476,2,4,2,Refinancing,FY22 rate spike,1.0
S07_v1.5_2,Shock,Spectrum dispute - 4G degradation,"Regulator forces spectrum reallocation, 4G speeds drop",FIN01,pct,-13.3954,2,4,2,Litigation & lobbying,MTN Nigeria precedent,1.5
S47_v1.5_1,Stress,ECG load-shedding Stage 6 - 6 months,"Daily 8‑hour power cuts, diesel costs quadruple",DieselOpex,abs,1294.2495,3,4,4,Alternative power,2024 load-shedding,1.5
S80_v0.5_1,Stress,Free MoMo transaction period,Govt mandates 6 months zero fees,SEG03,pct,-5.0302,4,3,2,Fintech reprieve,waiver impact,0.5
S15_v1.0_2,Stress,Cedi devaluation -40% (severe),"Cedi plummets 40% in 3 months, BoG intervenes",FIN01,pct,-14.5762,2,5,4,Emergency tariff repricing,FY22 0.32 elasticity compounded,1.0
S39_v0.5_1,Stress,Network sharing collapse - Telecel dispute,"Telecel ends tower sharing, MTN must build own",Capex,abs,276.7926,3,3,3,Infrastructure investment,coverage gap,0.5
S06_v1.5_1,Shock,Major cyber breach - 5-day MoMo outage,Ransomware locks MoMo platform for 5 days,SEG03,pct,-18.3742,2,5,3,Cyber resilience,industry benchmark,1.5
S03_v1.0_2,Stress,MoMo e-levy increase to 1.5%,Govt raises e-levy from 1% to 1.5%,OPS01,pct,-14.3979,3,4,2,Pricing strategy (enhanced),user decline observed,1.0
S53_v1.5_1,Upside,MoMo lending / micro-insurance breakthrough,"MoMo lending scales 5x, insurance attach rate 20%",SEG03,pct,49.1988,3,4,4,Fintech growth,industry opportunity,1.5
S23_v1.0_2,Shock,BoG FX intervention failure - disorderly devaluation,"Cedi hits 18 GHS/USD, BoG runs out of reserves",USDPayables,pct,22.7869,2,5,6,Hard currency reserves (enhanced),liquidity crisis,1.0
S18_v1.0_1,Stress,Ghana sovereign downgrade to junk,"Moody's cuts Ghana to Caa1, foreign debt frozen",FXRepatriation,delta,0.947,2,4,6,Onshore reinvestment,FY22 freeze,1.0
S54_v1.0_1,Upside,Ghana GDP 8%+ super-cycle,"Oil & mining boom, GDP growth >8%",OPS01,pct,4.93,2,3,2,Macro hedging,historical boom,1.0
S19_v0.5_1,Upside,Cedi appreciation +30%,Cedi strengthens 30% on oil windfall,FIN01,pct,5.2119,3,3,2,Shareholder returns,FY25 tailwind,0.5
S02_v0.5_2,Stress,Inflation resurgence to 25%,CPI hits 25% due to fiscal slippage,FIN01,pct,-1.9384,3,3,2,Cost optimisation (enhanced),FY22 inflation impact,0.5
S28_v1.5_1,Stress,BoG MoMo interoperability mandate,Compulsory low‑cost interoperability with banks,SEG03,pct,-22.8525,4,4,2,Fintech platform,Tanzania analogue,1.5
S62_v1.0_2,Stress,Ghana GDP growth 0% (stagnation),"No growth, high unemployment",FIN01,pct,-1.969,3,3,2,Cost rationalisation,macro drag,1.0
S80_v0.5_2,Stress,Free MoMo transaction period,Govt mandates 6 months zero fees,SEG03,pct,-4.3592,4,3,2,Fintech reprieve,waiver impact,0.5
S21_v1.5_2,Stress,Cocoa/commodity crash - fiscal squeeze,"Cocoa prices fall 40%, export revenues drop",MoMoVolumes,pct,-12.6967,3,3,2,FX hedging (enhanced),transaction value,1.5
S20_v0.5_1,Stress,IMF conditionality tightening,"IMF demands higher tariffs, spending cuts",ConsumerSpending,pct,-2.4081,3,3,3,Strategic planning,disposable income,0.5
S37_v0.5_2,Stress,AI-driven MoMo fraud surge +500%,AI fraud attacks cause massive MoMo losses,MoMoUsers,pct,-3.9683,3,4,2,AI fraud detection,trust erosion,0.5
S30_v1.0_1,Shock,SIM re-registration 2.0 - 6-month disruption,"Mandatory new SIM registration, 6‑month process",MoMoUsers,pct,-9.6524,3,4,6,Stakeholder engagement,fintech impact,1.0
S56_v0.5_1,Combined,Perfect storm (macro+cyber+regulatory+climate),Worst‑case combined event,FIN01,pct,-13.0415,1,5,8,Comprehensive resilience (enhanced),extreme tail,0.5
S49_v1.5_2,Stress,Tower equipment supply chain disruption,Huawei sanctions delay tower equipment 6 months,RolloutDelay,delta,2.8409,3,3,2,Supplier diversification,quarters,1.5
S32_v0.5_2,Combined,Regulatory storm (spectrum + e-levy + tariff cap),Three major regulatory hits simultaneously,Capex,pct,11.4367,2,5,6,Unified response (enhanced),forced investment,0.5
S39_v1.0_1,Stress,Network sharing collapse - Telecel dispute,"Telecel ends tower sharing, MTN must build own",Capex,abs,599.8271,3,3,3,Infrastructure investment,coverage gap,1.0
S77_v0.5_2,Upside,FX hedging gain (unexpected),Cedi weakens but MTN had hedged,FIN03,delta,0.2286,4,2,1,Hedging strategy,windfall,0.5
S09_v0.5_2,Shock,Mass data privacy breach,Customer data of 5M users leaked online,Reputation,delta,-1.5816,2,4,4,Data governance,GDPR analogue,0.5
S58_v1.5_1,Stress,Cedi devaluation -50% (extreme),"Cedi loses 50% in 6 months, hyperinflation",FIN03,delta,-8.8407,1,6,8,Contingency planning (enhanced),margin collapse,1.5
S19_v1.5_1,Upside,Cedi appreciation +30%,Cedi strengthens 30% on oil windfall,FIN03,delta,4.642,3,3,2,Shareholder returns,FY25 tailwind,1.5
S65_v1.5_2,Stress,Tariff cap -15% (mild),Data price cap at 0.65 GHS/GB,DataARPU,pct,-1.7242,4,2,2,Pricing agility (enhanced),revenue loss,1.5
S25_v1.5_2,Stress,NCA universal service levy increase,Levy raised from 1% to 2% of revenue,Opex,abs,672.1917,3,3,1,Compliance,industry levy rate,1.5
S32_v1.5_2,Combined,Regulatory storm (spectrum + e-levy + tariff cap),Three major regulatory hits simultaneously,SEG03,pct,-43.0884,2,5,6,Unified response,MoMo collapse,1.5
S68_v1.5_1,Stress,Subsea cable cut - minor 1 week,"Single fibre cut, 10% capacity loss",FIN01,pct,-0.7114,4,2,1,Redundancy planning (enhanced),limited impact,1.5
S84_v1.0_2,Stress,Removal of roaming surcharge,ECOWAS free roaming enforced,FIN01,pct,-0.3035,4,2,1,Regional negotiation,small erosion,1.0
S07_v1.5_2,Shock,Spectrum dispute - 4G degradation,"Regulator forces spectrum reallocation, 4G speeds drop",OPS07,delta,-3.9642,2,4,2,Litigation & lobbying (enhanced),coverage reduction,1.5
S07_v0.5_2,Shock,Spectrum dispute - 4G degradation,"Regulator forces spectrum reallocation, 4G speeds drop",OPS07,delta,-1.1643,2,4,2,Litigation & lobbying,coverage reduction,0.5
S04_v1.5_1,Stress,Sovereign debt freeze,"IMF programme stalls, donors cut aid",WorkingCapital,delta,22.1538,2,4,6,Repatriation planning,FY22 working capital impact,1.5
S62_v1.0_2,Stress,Ghana GDP growth 0% (stagnation),GDP growth 0% (stagnation),Subscribers,pct,-0.9232,3,3,2,Cost rationalisation,disposable income,1.0
S15_v0.5_2,Stress,Cedi devaluation -40% (severe),"Cedi plummets 40% in 3 months, BoG intervenes",FIN03,delta,-2.0185,2,5,4,Emergency tariff repricing (enhanced),USD cost pass-through,0.5
S29_v0.5_1,Shock,NCA partial licence revocation,NCA revokes MTN's data licence in 2 regions,FIN01,pct,-15.6212,1,5,8,Legal defence,extreme tail risk,0.5
S32_v1.5_1,Combined,Regulatory storm (spectrum + e-levy + tariff cap),Three major regulatory hits simultaneously,SEG03,pct,-42.7041,2,5,6,Unified response,MoMo collapse,1.5
S49_v1.5_1,Stress,Tower equipment supply chain disruption,Huawei sanctions delay tower equipment 6 months,CapexEfficiency,pct,-39.2652,3,3,2,Supplier diversification (enhanced),global chip shortage,1.5
S36_v1.5_1,Shock,Subsea cable cut - bandwidth crisis,"International fibre cut, 50% capacity loss for 3 weeks",EnterpriseRevenue,pct,-13.5029,2,3,1,Alternative routing,2024 WACS outage,1.5
S50_v1.0_1,Shock,CEO + CFO simultaneous departure,Both top executives resign unexpectedly,StrategyRisk,delta,1.0035,2,3,1,Succession planning,execution,1.0
S90_v0.5_1,Upside,ECG prepaid metering for sites,Better power management reduces diesel use,DieselCost,pct,-2.7621,4,2,2,Energy efficiency,ongoing saving,0.5
S06_v1.0_1,Shock,Major cyber breach - 5-day MoMo outage,Ransomware locks MoMo platform for 5 days,SEG03,pct,-10.4568,2,5,3,Cyber resilience,industry benchmark,1.0
S79_v0.5_1,Stress,Mobile termination rate cut,Regulator cuts MTR by 50%,FIN01,pct,-0.5878,4,3,2,Wholesale pricing,revenue loss,0.5
S03_v1.5_2,Stress,MoMo e-levy increase to 1.5%,Govt raises e-levy from 1% to 1.5%,FIN01,pct,-3.0627,3,4,2,Pricing strategy,indirect revenue loss,1.5
S89_v0.5_2,Upside,NCA quality of service bonus,"MTN meets QoS targets, gets fee rebate",FIN03,delta,0.1301,4,2,1,Network investment,rebate income,0.5
S46_v1.5_1,Stress,Starlink Ghana rural expansion,Starlink launches low‑cost rural satellite broadband,ARPU,delta,-0.8457,3,3,2,Satellite partnership,pricing pressure,1.5
S50_v1.5_2,Shock,CEO + CFO simultaneous departure,Both top executives resign unexpectedly,StrategyRisk,delta,1.3356,2,3,1,Succession planning,execution,1.5
S40_v1.0_2,Stress,Telecel aggressive bundle reset,Telecel launches low‑price voice+data bundle,DataShare,delta,-1.8965,4,3,2,Value proposition (enhanced),market share shift,1.0
S30_v1.0_1,Shock,SIM re-registration 2.0 - 6-month disruption,"Mandatory new SIM registration, 6‑month process",DataSubs,pct,-5.4811,3,4,6,Stakeholder engagement (enhanced),data impact,1.0
S01_v1.5_2,Stress,Cedi devaluation -25%,Cedi drops 25% vs USD over 2 quarters,FIN02,pct,-18.2835,3,4,3,Emergency tariff repricing (enhanced),FY22 analogue 0.32 elasticity,1.5
S17_v0.5_1,Stress,BoG emergency rate hike to 35%,MPC hikes policy rate to 35% in emergency meeting,WorkingCapital,delta,10.7409,2,4,2,Refinancing,interest cost,0.5
S87_v0.5_2,Upside,Currency swap agreement (China),Direct GHS/CNY settlement reduces USD exposure,FXCost,delta,-0.0849,4,3,2,Innovative hedging,lower cost,0.5
S38_v0.5_1,Shock,National grid + telecoms cyberattack,State‑sponsored attack on grid and telcos,SitesOffline,pct,8.9988,1,5,8,National security (enhanced),extreme scenario,0.5
S27_v1.5_2,Stress,Parliament social tariff floor,"Minimum data price floor removed, intense price war",FIN01,pct,-10.2214,3,4,2,Pricing strategy (enhanced),Kenya precedent,1.5
S65_v1.5_1,Stress,Tariff cap -15% (mild),Data price cap at 0.65 GHS/GB,FIN01,pct,-4.2355,4,2,2,Pricing agility (enhanced),partial cap,1.5
S59_v0.5_2,Stress,Inflation 15% (moderate),CPI rises to 15% on food prices,FIN01,pct,-1.2081,3,2,1,Cost control,revenue drag,0.5
S21_v1.5_1,Stress,Cocoa/commodity crash - fiscal squeeze,"Cocoa prices fall 40%, export revenues drop",GDP,delta,-3.0992,3,3,2,FX hedging,FY23 cocoa shock,1.5
S15_v1.5_1,Stress,Cedi devaluation -40% (severe),"Cedi plummets 40% in 3 months, BoG intervenes",FIN02,pct,-33.9087,2,5,4,Emergency tariff repricing (enhanced),EBITDA erosion,1.5
S10_v1.0_1,Shock,Competitive intensification (ARPU pressure),Price war cuts data tariffs 30% across market,OPS04,pct,-8.8884,3,4,2,Product differentiation,FY19 competition,1.0
S66_v1.0_2,Stress,Tariff floor removal only,"Price floor removed, moderate competition",FIN01,pct,-4.6584,3,3,2,Value stacking,Kenya analogue,1.0
S83_v1.5_1,Stress,Diesel tax rebate,Govt removes fuel tax for telcos,FIN03,delta,0.7075,4,2,1,Government relations,benefit,1.5
S56_v1.0_2,Combined,Perfect storm (macro+cyber+regulatory+climate),Worst‑case combined event,FIN01,pct,-19.8179,1,5,8,Comprehensive resilience,extreme tail,1.0
S75_v0.5_2,Stress,Minor cyber breach - limited data,Small leak of non‑sensitive data,Reputation,delta,-0.2482,4,2,1,Cyber hygiene (enhanced),low impact,0.5
S06_v1.5_2,Shock,Major cyber breach - 5-day MoMo outage,Ransomware locks MoMo platform for 5 days,Reputation,delta,-3.0991,2,5,3,Cyber resilience,qualitative,1.5
S39_v1.5_2,Stress,Network sharing collapse - Telecel dispute,"Telecel ends tower sharing, MTN must build own",Capex,abs,901.9358,3,3,3,Infrastructure investment,coverage gap,1.5
S47_v1.5_1,Stress,ECG load-shedding Stage 6 - 6 months,"Daily 8‑hour power cuts, diesel costs quadruple",FIN03,delta,-4.0255,3,4,4,Alternative power (enhanced),margin impact,1.5
S58_v0.5_2,Stress,Cedi devaluation -50% (extreme),"Cedi loses 50% in 6 months, hyperinflation",OPS04,pct,-15.2537,1,6,8,Contingency planning (enhanced),ARPU halved,0.5
S03_v0.5_2,Stress,MoMo e-levy increase to 1.5%,Govt raises e-levy from 1% to 1.5%,OPS01,pct,-7.7143,3,4,2,Pricing strategy (enhanced),user decline observed,0.5
S51_v0.5_2,Stress,Labour dispute - extended strike,Union strikes for 4 weeks over pay,CustomerService,delta,-0.2346,2,3,2,Employee relations (enhanced),NPS decline,0.5
S81_v1.5_2,Stress,Starlink urban expansion,Starlink offers competitive urban data bundles,DataARPU,pct,-4.4701,3,3,2,Satellite strategy,price pressure,1.5
S12_v0.5_1,Combined,Fintech disruption + regulatory pressure,Bank-led wallets capture MoMo share + e-levy hike,FIN02,pct,-2.8408,3,4,4,Fintech strategy,earnings impact,0.5
S38_v1.0_1,Shock,National grid + telecoms cyberattack,State‑sponsored attack on grid and telcos,SitesOffline,pct,20.5484,1,5,8,National security (enhanced),extreme scenario,1.0
S05_v1.5_1,Stress,ECG tariff +40%,Power utility raises tariffs 40%,Opex,pct,16.5736,3,3,1,Energy efficiency,FY23 tariff hike,1.5
S40_v1.0_1,Stress,Telecel aggressive bundle reset,Telecel launches low‑price voice+data bundle,DataShare,delta,-2.0095,4,3,2,Value proposition (enhanced),market share shift,1.0
S01_v1.5_1,Stress,Cedi devaluation -25%,Cedi drops 25% vs USD over 2 quarters,FIN03,delta,-2.7569,3,4,3,Emergency tariff repricing,FY22 analogue 0.32 elasticity,1.5
S65_v1.5_1,Stress,Tariff cap -15% (mild),Data price cap at 0.65 GHS/GB,DataARPU,pct,-2.057,4,2,2,Pricing agility,revenue loss,1.5
S31_v1.0_2,Stress,Data Protection Act fine - major enforcement,DPC fines MTN GHS 500m for data breach,ComplianceOpex,abs,223.2542,3,3,2,Data compliance (enhanced),remediation cost,1.0
S65_v0.5_2,Stress,Tariff cap -15% (mild),Data price cap at 0.65 GHS/GB,FIN01,pct,-1.3495,4,2,2,Pricing agility,partial cap,0.5
S41_v0.5_2,Shock,New MVNO entry - tech giant,Amazon or Google launches MVNO in Ghana,DataARPU,pct,-7.1558,2,4,3,Strategic partnership,international MVNO impact,0.5
S77_v1.5_1,Upside,FX hedging gain (unexpected),Cedi weakens but MTN had hedged,FIN03,delta,0.7437,4,2,1,Hedging strategy (enhanced),windfall,1.5
S13_v1.0_1,Combined,Network crisis + climate compound,Major outage + flooding + diesel shortage,FIN03,delta,-3.5069,2,5,6,Resilience investment,cost overrun,1.0
S59_v0.5_1,Stress,Inflation 15% (moderate),CPI rises to 15% on food prices,FIN03,delta,-0.7609,3,2,1,Cost control (enhanced),FY23 average,0.5
S25_v0.5_1,Stress,NCA universal service levy increase,Levy raised from 1% to 2% of revenue,FIN03,delta,-0.8248,3,3,1,Compliance,margin impact,0.5
S29_v0.5_2,Shock,NCA partial licence revocation,NCA revokes MTN's data licence in 2 regions,SubscriberExodus,pct,-10.1479,1,5,8,Legal defence,market loss,0.5
S62_v0.5_1,Stress,Ghana GDP growth 0% (stagnation),"No growth, high unemployment",FIN01,pct,-1.0557,3,3,2,Cost rationalisation (enhanced),macro drag,0.5
S06_v0.5_1,Shock,Major cyber breach - 5-day MoMo outage,Ransomware locks MoMo platform for 5 days,Reputation,delta,-1.1493,2,5,3,Cyber resilience,qualitative,0.5
S05_v1.5_2,Stress,ECG tariff +40%,Power utility raises tariffs 40%,FIN03,delta,-2.9227,3,3,1,Energy efficiency (enhanced),pass-through cost,1.5
S30_v0.5_1,Shock,SIM re-registration 2.0 - 6-month disruption,"Mandatory new SIM registration, 6‑month process",ActiveSubs,pct,-3.9762,3,4,6,Stakeholder engagement,Nigeria SIM registration,0.5
S11_v1.5_1,Combined,Ghana macro reversal,"IMF suspension, cedi collapse, inflation spike",FIN01,pct,-16.8062,3,5,6,Diversification (enhanced),compound FY22-FY23,1.5
S59_v1.0_1,Stress,Inflation 15% (moderate),CPI rises to 15% on food prices,FIN01,pct,-2.1205,3,2,1,Cost control,revenue drag,1.0
S17_v1.5_1,Stress,BoG emergency rate hike to 35%,MPC hikes policy rate to 35% in emergency meeting,WorkingCapital,delta,28.4385,2,4,2,Refinancing,interest cost,1.5
S62_v1.0_1,Stress,Ghana GDP growth 0% (stagnation),"No growth, high unemployment",FIN01,pct,-1.8173,3,3,2,Cost rationalisation,macro drag,1.0
S22_v1.5_2,Stress,Oil price spike - pass-through inflation,"Crude oil +50%, diesel +80%",DieselCost,pct,59.3962,3,3,1,Energy transition (enhanced),FY22 fuel price,1.5
S73_v1.5_2,Stress,Localised flood - 50 sites down,Regional flooding affects 50 towers,FIN01,pct,-0.4565,4,2,1,Local resilience (enhanced),short outage,1.5
S67_v1.5_1,Upside,5G auction win - MTN leads,MTN wins 5G spectrum cheaply,DataARPU,pct,2.2704,4,3,3,5G leadership,premium pricing,1.5
S11_v0.5_1,Combined,Ghana macro reversal,"IMF suspension, cedi collapse, inflation spike",FIN01,pct,-5.7171,3,5,6,Diversification,compound FY22-FY23,0.5
S76_v1.0_2,Stress,Shareholder dividend pressure,Activist investors demand higher payout,Dividend,delta,0.5735,3,3,2,Capital allocation,no direct KPI,1.0
S16_v1.5_1,Stress,Hyperinflation return - 50%+,"Inflation exceeds 50%, currency crisis deepens",OPS01,pct,-5.6896,2,5,6,Cost pass-through,reduced affordability,1.5
S10_v0.5_1,Shock,Competitive intensification (ARPU pressure),Price war cuts data tariffs 30% across market,OPS01,pct,-1.4086,3,4,2,Product differentiation,subscriber churn,0.5
S18_v1.0_2,Stress,Ghana sovereign downgrade to junk,"Moody's cuts Ghana to Caa1, foreign debt frozen",FXRepatriation,delta,1.0456,2,4,6,Onshore reinvestment,FY22 freeze,1.0
S28_v1.5_2,Stress,BoG MoMo interoperability mandate,Compulsory low‑cost interoperability with banks,SEG03,pct,-20.7389,4,4,2,Fintech platform,Tanzania analogue,1.5
S05_v0.5_1,Stress,ECG tariff +40%,Power utility raises tariffs 40%,FIN03,delta,-0.8759,3,3,1,Energy efficiency,pass-through cost,0.5
S88_v0.5_1,Stress,MTN Group cross‑guarantee,"Parent guarantees Ghana debt, improves credit",CreditSpread,delta,-45.2255,4,2,2,Group treasury,debt cost down,0.5
S19_v1.0_2,Upside,Cedi appreciation +30%,Cedi strengthens 30% on oil windfall,USDOpex,pct,-13.7903,3,3,2,Shareholder returns,cost relief,1.0
S56_v1.5_2,Combined,Perfect storm (macro+cyber+regulatory+climate),Worst‑case combined event,FIN03,delta,-11.1506,1,5,8,Comprehensive resilience,severe margin,1.5
S59_v0.5_1,Stress,Inflation 15% (moderate),CPI rises to 15% on food prices,FIN01,pct,-1.0193,3,2,1,Cost control,revenue drag,0.5
S43_v1.5_1,Stress,Price war - all operators cut data 40%,"Industry‑wide data price war, 40% cuts",FIN03,delta,-5.8326,3,4,2,Cost leadership,EBITDA margin,1.5
S02_v1.0_2,Stress,Inflation resurgence to 25%,CPI hits 25% due to fiscal slippage,Opex,delta,17.7327,3,3,2,Cost optimisation,operating leverage,1.0
S02_v0.5_1,Stress,Inflation resurgence to 25%,CPI hits 25% due to fiscal slippage,FIN01,pct,-2.0519,3,3,2,Cost optimisation,FY22 inflation impact,0.5
S55_v1.0_2,Upside,Cedi appreciation +40%,Cedi appreciates 40% on structural reforms,FIN03,delta,3.8921,2,4,3,Currency management,FY25 magnitude,1.0
S08_v1.5_1,Shock,Major flood - 300+ sites down,Heavy rains damage 300 cell sites across south,OPS01,pct,-1.4434,2,3,2,Disaster recovery,subscriber disruption,1.5
S03_v0.5_1,Stress,MoMo e-levy increase to 1.5%,Govt raises e-levy from 1% to 1.5%,FIN01,pct,-1.0078,3,4,2,Pricing strategy (enhanced),indirect revenue loss,0.5
S15_v0.5_2,Stress,Cedi devaluation -40% (severe),"Cedi plummets 40% in 3 months, BoG intervenes",Capex,pct,-13.4551,2,5,4,Emergency tariff repricing,investment pause,0.5
S56_v1.0_1,Combined,Perfect storm (macro+cyber+regulatory+climate),Worst‑case combined event,FIN03,delta,-8.7658,1,5,8,Comprehensive resilience,severe margin,1.0
S36_v0.5_1,Shock,Subsea cable cut - bandwidth crisis,"International fibre cut, 50% capacity loss for 3 weeks",EnterpriseRevenue,pct,-4.0426,2,3,1,Alternative routing,2024 WACS outage,0.5
S17_v1.0_1,Stress,BoG emergency rate hike to 35%,MPC hikes policy rate to 35% in emergency meeting,WorkingCapital,delta,17.7623,2,4,2,Refinancing,interest cost,1.0
S27_v0.5_2,Stress,Parliament social tariff floor,"Minimum data price floor removed, intense price war",FIN01,pct,-3.2518,3,4,2,Pricing strategy,Kenya precedent,0.5
S01_v1.0_2,Stress,Cedi devaluation -25%,Cedi drops 25% vs USD over 2 quarters,FIN01,pct,-7.8502,3,4,3,Emergency tariff repricing (enhanced),FY22 analogue 0.32 elasticity,1.0
S38_v1.0_2,Shock,National grid + telecoms cyberattack,State‑sponsored attack on grid and telcos,FIN01,pct,-17.1611,1,5,8,National security,revenue collapse,1.0
S47_v1.0_1,Stress,ECG load-shedding Stage 6 - 6 months,"Daily 8‑hour power cuts, diesel costs quadruple",DieselOpex,abs,905.089,3,4,4,Alternative power,2024 load-shedding,1.0
S40_v0.5_1,Stress,Telecel aggressive bundle reset,Telecel launches low‑price voice+data bundle,CAC,pct,11.0539,4,3,2,Value proposition,customer acquisition,0.5
S90_v1.5_1,Upside,ECG prepaid metering for sites,Better power management reduces diesel use,DieselCost,pct,-6.7594,4,2,2,Energy efficiency (enhanced),ongoing saving,1.5
S52_v1.5_2,Upside,5G early mover - enterprise revenue surge,"MTN launches 5G first, grabs enterprise share",DataARPU,pct,22.7551,3,3,4,5G investment,premium pricing,1.5
S53_v0.5_1,Upside,MoMo lending / micro-insurance breakthrough,"MoMo lending scales 5x, insurance attach rate 20%",SEG03,pct,17.7689,3,4,4,Fintech growth,industry opportunity,0.5
S47_v0.5_2,Stress,ECG load-shedding Stage 6 - 6 months,"Daily 8‑hour power cuts, diesel costs quadruple",DieselOpex,abs,357.6611,3,4,4,Alternative power,2024 load-shedding,0.5
S03_v1.5_1,Stress,MoMo e-levy increase to 1.5%,Govt raises e-levy from 1% to 1.5%,FIN01,pct,-3.0711,3,4,2,Pricing strategy,indirect revenue loss,1.5
S04_v1.0_2,Stress,Sovereign debt freeze,"IMF programme stalls, donors cut aid",Dividend,abs,-51.6162,2,4,6,Repatriation planning (enhanced),FY22 dividend freeze,1.0
S42_v1.0_1,Stress,AT Ghana recapitalisation,"AirtelTigo gets new investor, aggressive marketing",Churn,pct,1.9959,3,3,2,Marketing efficiency,subscriber retention,1.0
S19_v1.5_1,Upside,Cedi appreciation +30%,Cedi strengthens 30% on oil windfall,USDOpex,pct,-22.5332,3,3,2,Shareholder returns,cost relief,1.5
S06_v1.5_1,Shock,Major cyber breach - 5-day MoMo outage,Ransomware locks MoMo platform for 5 days,Reputation,delta,-3.2312,2,5,3,Cyber resilience,qualitative,1.5
S33_v1.0_2,Shock,Ransomware - core network 10-day outage,"Full network outage due to ransomware, 10 days",FIN01,pct,-22.8713,1,5,4,Cyber insurance,MTN Nigeria 2023 analogue,1.0
S90_v1.0_1,Upside,ECG prepaid metering for sites,Better power management reduces diesel use,DieselCost,pct,-4.3266,4,2,2,Energy efficiency,ongoing saving,1.0
S75_v1.0_1,Stress,Minor cyber breach - limited data,Small leak of non‑sensitive data,Reputation,delta,-0.5284,4,2,1,Cyber hygiene,low impact,1.0
S33_v1.5_1,Shock,Ransomware - core network 10-day outage,"Full network outage due to ransomware, 10 days",OPS01,pct,-7.8544,1,5,4,Cyber insurance (enhanced),subscriber loss,1.5
S55_v1.0_1,Upside,Cedi appreciation +40%,Cedi appreciates 40% on structural reforms,FIN03,delta,4.0476,2,4,3,Currency management (enhanced),FY25 magnitude,1.0
S52_v1.0_1,Upside,5G early mover - enterprise revenue surge,"MTN launches 5G first, grabs enterprise share",DataARPU,pct,13.6892,3,3,4,5G investment (enhanced),premium pricing,1.0
S44_v0.5_2,Shock,Bank-led mobile wallet captures MoMo share,Consortium of banks launches unified wallet,MoMoUsers,pct,-8.746,3,4,3,Fintech partnership (enhanced),Kenya M-Pesa vs banks,0.5
S32_v1.5_2,Combined,Regulatory storm (spectrum + e-levy + tariff cap),Three major regulatory hits simultaneously,FIN01,pct,-22.1148,2,5,6,Unified response,compound effect,1.5
S58_v1.5_1,Stress,Cedi devaluation -50% (extreme),"Cedi loses 50% in 6 months, hyperinflation",FIN01,pct,-30.3015,1,6,8,Contingency planning (enhanced),elasticity extrapolation,1.5
S21_v1.0_2,Stress,Cocoa/commodity crash - fiscal squeeze,"Cocoa prices fall 40%, export revenues drop",GDP,delta,-1.8525,3,3,2,FX hedging,FY23 cocoa shock,1.0
S83_v0.5_2,Stress,Diesel tax rebate,Govt removes fuel tax for telcos,FIN03,delta,0.235,4,2,1,Government relations,benefit,0.5
S04_v0.5_1,Stress,Sovereign debt freeze,"IMF programme stalls, donors cut aid",WorkingCapital,delta,6.3487,2,4,6,Repatriation planning,FY22 working capital impact,0.5
S30_v0.5_2,Shock,SIM re-registration 2.0 - 6-month disruption,"Mandatory new SIM registration, 6‑month process",ActiveSubs,pct,-4.1986,3,4,6,Stakeholder engagement,Nigeria SIM registration,0.5
S04_v0.5_2,Stress,Sovereign debt freeze,"IMF programme stalls, donors cut aid",WorkingCapital,delta,7.4841,2,4,6,Repatriation planning,FY22 working capital impact,0.5
S58_v1.5_2,Stress,Cedi devaluation -50% (extreme),"Cedi loses 50% in 6 months, hyperinflation",OPS04,pct,-50.8219,1,6,8,Contingency planning,ARPU halved,1.5
S01_v0.5_1,Stress,Cedi devaluation -25%,Cedi drops 25% vs USD over 2 quarters,OPS04,pct,-8.3794,3,4,3,Emergency tariff repricing,FY22 analogue 0.32 elasticity,0.5
S60_v1.0_2,Stress,Inflation 35% (severe),CPI hits 35% after currency crisis,Opex,pct,24.1251,2,5,3,Price elasticity (enhanced),cost pass-through,1.0
S34_v0.5_1,Shock,MoMo vendor insolvency - forced migration,"MoMo platform vendor goes bankrupt, 15‑day migration",EmergencyCapex,abs,639.3831,2,4,6,Vendor diversification,industry risk,0.5
S28_v1.0_2,Stress,BoG MoMo interoperability mandate,Compulsory low‑cost interoperability with banks,SEG03,pct,-14.066,4,4,2,Fintech platform (enhanced),Tanzania analogue,1.0
S16_v1.0_2,Stress,Hyperinflation return - 50%+,"Inflation exceeds 50%, currency crisis deepens",Opex,pct,35.5991,2,5,6,Cost pass-through (enhanced),FY22 extreme,1.0
S41_v1.0_1,Shock,New MVNO entry - tech giant,Amazon or Google launches MVNO in Ghana,Enterprise,pct,-9.6135,2,4,3,Strategic partnership,business segment,1.0
S54_v0.5_2,Upside,Ghana GDP 8%+ super-cycle,"Oil & mining boom, GDP growth >8%",OPS01,pct,2.5643,2,3,2,Macro hedging,historical boom,0.5
S11_v1.5_1,Combined,Ghana macro reversal,"IMF suspension, cedi collapse, inflation spike",FIN03,delta,-6.3962,3,5,6,Diversification,compound margin impact,1.5
S84_v0.5_2,Stress,Removal of roaming surcharge,ECOWAS free roaming enforced,FIN01,pct,-0.1561,4,2,1,Regional negotiation,small erosion,0.5
S13_v1.5_1,Combined,Network crisis + climate compound,Major outage + flooding + diesel shortage,Sites,delta,-641.1677,2,5,6,Resilience investment,worst-case scenario,1.5
S21_v0.5_1,Stress,Cocoa/commodity crash - fiscal squeeze,"Cocoa prices fall 40%, export revenues drop",MoMoVolumes,pct,-3.4308,3,3,2,FX hedging,transaction value,0.5
S68_v0.5_1,Stress,Subsea cable cut - minor 1 week,"Single fibre cut, 10% capacity loss",FIN01,pct,-0.2875,4,2,1,Redundancy planning (enhanced),limited impact,0.5
S22_v1.5_2,Stress,Oil price spike - pass-through inflation,"Crude oil +50%, diesel +80%",GeneratorOpex,pct,39.0425,3,3,1,Energy transition (enhanced),site costs,1.5
S78_v1.5_2,Stress,Corporate tax hike to 30%,Govt raises corporate tax rate,PAT,pct,-7.8007,3,3,2,Tax planning,earnings impact,1.5
S65_v0.5_1,Stress,Tariff cap -15% (mild),Data price cap at 0.65 GHS/GB,FIN01,pct,-1.5953,4,2,2,Pricing agility,partial cap,0.5
S17_v1.5_1,Stress,BoG emergency rate hike to 35%,MPC hikes policy rate to 35% in emergency meeting,CapexFinancing,pct,55.0212,2,4,2,Refinancing,FY22 rate spike,1.5
S18_v0.5_1,Stress,Ghana sovereign downgrade to junk,"Moody's cuts Ghana to Caa1, foreign debt frozen",FXRepatriation,delta,0.504,2,4,6,Onshore reinvestment,FY22 freeze,0.5
S80_v1.0_2,Stress,Free MoMo transaction period,Govt mandates 6 months zero fees,SEG03,pct,-9.8593,4,3,2,Fintech reprieve,waiver impact,1.0
S01_v1.0_1,Stress,Cedi devaluation -25%,Cedi drops 25% vs USD over 2 quarters,FIN01,pct,-7.8501,3,4,3,Emergency tariff repricing,FY22 analogue 0.32 elasticity,1.0
S32_v0.5_1,Combined,Regulatory storm (spectrum + e-levy + tariff cap),Three major regulatory hits simultaneously,SEG03,pct,-13.6527,2,5,6,Unified response (enhanced),MoMo collapse,0.5
S67_v1.5_1,Upside,5G auction win - MTN leads,MTN wins 5G spectrum cheaply,DataShare,delta,2.93,4,3,3,5G leadership (enhanced),competitive advantage,1.5
S13_v0.5_1,Combined,Network crisis + climate compound,Major outage + flooding + diesel shortage,OPS07,delta,-1.4978,2,5,6,Resilience investment,coverage loss,0.5
S57_v1.0_2,Stress,Cedi devaluation -15% (mild),Cedi weakens 15% gradually,OPS04,pct,-7.5157,3,2,2,Tariff repricing,ARPU effect,1.0
S58_v0.5_2,Stress,Cedi devaluation -50% (extreme),"Cedi loses 50% in 6 months, hyperinflation",FIN03,delta,-2.7986,1,6,8,Contingency planning,margin collapse,0.5
S18_v0.5_1,Stress,Ghana sovereign downgrade to junk,"Moody's cuts Ghana to Caa1, foreign debt frozen",RiskPremium,delta,262.7718,2,4,6,Onshore reinvestment,sovereign spread,0.5
S54_v0.5_1,Upside,Ghana GDP 8%+ super-cycle,"Oil & mining boom, GDP growth >8%",OPS04,pct,4.99,2,3,2,Macro hedging,ARPU uplift,0.5
S86_v0.5_2,Upside,Green energy subsidy,Govt subsidises solar for cell sites,FIN03,delta,0.2504,4,2,2,Solar investment (enhanced),operating cost,0.5
S42_v1.5_2,Stress,AT Ghana recapitalisation,"AirtelTigo gets new investor, aggressive marketing",SubsGrowth,delta,-4.9968,3,3,2,Marketing efficiency,historical precedent,1.5
S73_v1.0_1,Stress,Localised flood - 50 sites down,Regional flooding affects 50 towers,FIN01,pct,-0.276,4,2,1,Local resilience,short outage,1.0
S57_v1.0_1,Stress,Cedi devaluation -15% (mild),Cedi weakens 15% gradually,FIN01,pct,-3.5689,3,2,2,Tariff repricing,0.32 elasticity,1.0
S71_v1.5_1,Stress,New MVNO niche (youth),Small MVNO takes 2% of prepaid market,OPS01,pct,-0.8278,4,2,2,Segment defence,niche loss,1.5
S43_v1.0_1,Stress,Price war - all operators cut data 40%,"Industry‑wide data price war, 40% cuts",FIN01,pct,-10.7571,3,4,2,Cost leadership (enhanced),2018 price war,1.0
S63_v1.0_2,Stress,NCA small fine GHS 100m,Minor compliance fine,FIN03,delta,-0.5188,4,2,1,Compliance,one‑off impact,1.0
S17_v1.5_2,Stress,BoG emergency rate hike to 35%,MPC hikes policy rate to 35% in emergency meeting,WorkingCapital,delta,28.8309,2,4,2,Refinancing,interest cost,1.5
S40_v0.5_2,Stress,Telecel aggressive bundle reset,Telecel launches low‑price voice+data bundle,DataShare,delta,-1.074,4,3,2,Value proposition (enhanced),market share shift,0.5
S20_v0.5_1,Stress,IMF conditionality tightening,"IMF demands higher tariffs, spending cuts",FIN01,pct,-1.0664,3,3,3,Strategic planning (enhanced),FY23 IMF programme,0.5
S60_v0.5_2,Stress,Inflation 35% (severe),CPI hits 35% after currency crisis,FIN03,delta,-2.0969,2,5,3,Price elasticity,FY22 extreme,0.5
S34_v1.0_2,Shock,MoMo vendor insolvency - forced migration,"MoMo platform vendor goes bankrupt, 15‑day migration",MoMoOutage,delta,15.0557,2,4,6,Vendor diversification,service disruption,1.0
S15_v1.5_1,Stress,Cedi devaluation -40% (severe),"Cedi plummets 40% in 3 months, BoG intervenes",FIN01,pct,-18.4227,2,5,4,Emergency tariff repricing,FY22 0.32 elasticity compounded,1.5
S46_v0.5_1,Stress,Starlink Ghana rural expansion,Starlink launches low‑cost rural satellite broadband,ARPU,delta,-0.244,3,3,2,Satellite partnership (enhanced),pricing pressure,0.5
S14_v1.0_2,Combined,Reverse-FY25 - all tailwinds vanish,"Cedi weakens, inflation rises, regulatory crackdown",FIN03,delta,-5.7326,3,5,4,Base case review (enhanced),opposite of FY25,1.0
S51_v0.5_1,Stress,Labour dispute - extended strike,Union strikes for 4 weeks over pay,CustomerService,delta,-0.2507,2,3,2,Employee relations,NPS decline,0.5
S43_v1.5_2,Stress,Price war - all operators cut data 40%,"Industry‑wide data price war, 40% cuts",FIN03,delta,-5.8324,3,4,2,Cost leadership (enhanced),EBITDA margin,1.5
S72_v1.0_1,Stress,ECG load-shedding Stage 3 - 3 months,Daily 4‑hour power cuts,DieselOpex,abs,193.7319,4,3,3,Power backup,FY23 level,1.0
S20_v1.0_1,Stress,IMF conditionality tightening,"IMF demands higher tariffs, spending cuts",ConsumerSpending,pct,-5.0286,3,3,3,Strategic planning (enhanced),disposable income,1.0
S07_v1.5_1,Shock,Spectrum dispute - 4G degradation,"Regulator forces spectrum reallocation, 4G speeds drop",FIN01,pct,-12.0125,2,4,2,Litigation & lobbying,MTN Nigeria precedent,1.5
S41_v1.0_2,Shock,New MVNO entry - tech giant,Amazon or Google launches MVNO in Ghana,DataARPU,pct,-15.5236,2,4,3,Strategic partnership (enhanced),international MVNO impact,1.0
S03_v0.5_2,Stress,MoMo e-levy increase to 1.5%,Govt raises e-levy from 1% to 1.5%,FIN01,pct,-1.0775,3,4,2,Pricing strategy (enhanced),indirect revenue loss,0.5
S13_v1.0_2,Combined,Network crisis + climate compound,Major outage + flooding + diesel shortage,OPS07,delta,-2.8015,2,5,6,Resilience investment,coverage loss,1.0
S08_v0.5_1,Shock,Major flood - 300+ sites down,Heavy rains damage 300 cell sites across south,FIN01,pct,-0.9293,2,3,2,Disaster recovery,FY21 flooding impact,0.5
S26_v1.0_2,Stress,Spectrum refarming forced at cost,Refarming 2G/3G to 4G/5G at NCA's cost,OPS07,delta,-1.9505,3,3,3,Network planning,coverage gap,1.0
S02_v0.5_2,Stress,Inflation resurgence to 25%,CPI hits 25% due to fiscal slippage,FIN03,delta,-1.5206,3,3,2,Cost optimisation,FY22 inflation impact,0.5
S05_v0.5_1,Stress,ECG tariff +40%,Power utility raises tariffs 40%,Opex,pct,6.5486,3,3,1,Energy efficiency,FY23 tariff hike,0.5
S15_v1.0_1,Stress,Cedi devaluation -40% (severe),"Cedi plummets 40% in 3 months, BoG intervenes",OPS04,pct,-20.8651,2,5,4,Emergency tariff repricing,ARPU collapse,1.0
S03_v1.0_1,Stress,MoMo e-levy increase to 1.5%,Govt raises e-levy from 1% to 1.5%,SEG03,pct,-24.9283,3,4,2,Pricing strategy,Q2 2022 e-levy impact,1.0
S41_v0.5_1,Shock,New MVNO entry - tech giant,Amazon or Google launches MVNO in Ghana,DataARPU,pct,-7.8137,2,4,3,Strategic partnership,international MVNO impact,0.5
S19_v1.5_2,Upside,Cedi appreciation +30%,Cedi strengthens 30% on oil windfall,FIN01,pct,14.2752,3,3,2,Shareholder returns,FY25 tailwind,1.5
S64_v1.5_1,Stress,NCA very large fine GHS 1.2bn,Major anti‑trust fine,Fine,abs,2014.9472,2,5,4,Legal reserve,extreme penalty,1.5
S16_v0.5_2,Stress,Hyperinflation return - 50%+,"Inflation exceeds 50%, currency crisis deepens",FIN03,delta,-2.8618,2,5,6,Cost pass-through,operating leverage,0.5
S22_v0.5_2,Stress,Oil price spike - pass-through inflation,"Crude oil +50%, diesel +80%",GeneratorOpex,pct,16.313,3,3,1,Energy transition,site costs,0.5
S34_v0.5_2,Shock,MoMo vendor insolvency - forced migration,"MoMo platform vendor goes bankrupt, 15‑day migration",MoMoOutage,delta,7.264,2,4,6,Vendor diversification,service disruption,0.5
S25_v1.5_1,Stress,NCA universal service levy increase,Levy raised from 1% to 2% of revenue,FIN03,delta,-2.4184,3,3,1,Compliance,margin impact,1.5
S26_v1.0_1,Stress,Spectrum refarming forced at cost,Refarming 2G/3G to 4G/5G at NCA's cost,OPS07,delta,-2.0949,3,3,3,Network planning,coverage gap,1.0
S20_v1.5_1,Stress,IMF conditionality tightening,"IMF demands higher tariffs, spending cuts",ConsumerSpending,pct,-8.1225,3,3,3,Strategic planning,disposable income,1.5
S47_v0.5_1,Stress,ECG load-shedding Stage 6 - 6 months,"Daily 8‑hour power cuts, diesel costs quadruple",FIN03,delta,-1.1746,3,4,4,Alternative power,margin impact,0.5
S70_v0.5_2,Stress,Telecel mild price promotion,10% discount on weekend calls,OPS04,pct,-0.5171,4,2,1,Retention campaigns,minor churn,0.5
S67_v0.5_1,Upside,5G auction win - MTN leads,MTN wins 5G spectrum cheaply,DataShare,delta,0.9483,4,3,3,5G leadership,competitive advantage,0.5
S79_v1.0_2,Stress,Mobile termination rate cut,Regulator cuts MTR by 50%,FIN01,pct,-1.6648,4,3,2,Wholesale pricing,revenue loss,1.0
S40_v0.5_1,Stress,Telecel aggressive bundle reset,Telecel launches low‑price voice+data bundle,OPS04,pct,-3.9209,4,3,2,Value proposition,competitor analysis,0.5
S32_v1.0_1,Combined,Regulatory storm (spectrum + e-levy + tariff cap),Three major regulatory hits simultaneously,FIN01,pct,-14.9584,2,5,6,Unified response,compound effect,1.0
S45_v1.5_1,Stress,OTT substitution accelerates - voice collapse,WhatsApp voice + video kills traditional voice,SMSRev,pct,-50.8804,4,3,2,OTT monetisation,declining usage,1.5
S13_v1.5_2,Combined,Network crisis + climate compound,Major outage + flooding + diesel shortage,Sites,delta,-592.323,2,5,6,Resilience investment,worst-case scenario,1.5
S21_v0.5_2,Stress,Cocoa/commodity crash - fiscal squeeze,"Cocoa prices fall 40%, export revenues drop",MoMoVolumes,pct,-4.4787,3,3,2,FX hedging (enhanced),transaction value,0.5
S85_v1.5_2,Upside,New data centre investment,MTN builds Tier‑4 data centre,EBITDA,delta,0.3106,4,3,2,Digital infrastructure,cloud revenue,1.5
S28_v1.5_1,Stress,BoG MoMo interoperability mandate,Compulsory low‑cost interoperability with banks,FeeYield,pct,-38.3729,4,4,2,Fintech platform,revenue erosion,1.5
S84_v1.0_1,Stress,Removal of roaming surcharge,ECOWAS free roaming enforced,FIN01,pct,-0.2884,4,2,1,Regional negotiation,small erosion,1.0
S29_v1.0_2,Shock,NCA partial licence revocation,NCA revokes MTN's data licence in 2 regions,FIN01,pct,-26.624,1,5,8,Legal defence,extreme tail risk,1.0
S04_v0.5_1,Stress,Sovereign debt freeze,"IMF programme stalls, donors cut aid",Dividend,abs,-22.1693,2,4,6,Repatriation planning,FY22 dividend freeze,0.5
S28_v0.5_2,Stress,BoG MoMo interoperability mandate,Compulsory low‑cost interoperability with banks,FeeYield,pct,-15.5671,4,4,2,Fintech platform,revenue erosion,0.5
S06_v1.0_1,Shock,Major cyber breach - 5-day MoMo outage,Ransomware locks MoMo platform for 5 days,FIN02,pct,-2.8368,2,5,3,Cyber resilience,revenue loss + fines,1.0
S47_v0.5_2,Stress,ECG load-shedding Stage 6 - 6 months,"Daily 8‑hour power cuts, diesel costs quadruple",SiteAvailability,delta,-1.3026,3,4,4,Alternative power,service uptime,0.5
S56_v1.0_2,Combined,Perfect storm (macro+cyber+regulatory+climate),Worst‑case combined event,FIN03,delta,-7.8985,1,5,8,Comprehensive resilience,severe margin,1.0
S53_v1.0_1,Upside,MoMo lending / micro-insurance breakthrough,"MoMo lending scales 5x, insurance attach rate 20%",SEG03,pct,36.9827,3,4,4,Fintech growth,industry opportunity,1.0
S16_v1.5_1,Stress,Hyperinflation return - 50%+,"Inflation exceeds 50%, currency crisis deepens",FIN03,delta,-9.4151,2,5,6,Cost pass-through,operating leverage,1.5
S85_v1.0_1,Upside,New data centre investment,MTN builds Tier‑4 data centre,EBITDA,delta,0.1979,4,3,2,Digital infrastructure,cloud revenue,1.0
S23_v1.0_1,Shock,BoG FX intervention failure - disorderly devaluation,"Cedi hits 18 GHS/USD, BoG runs out of reserves",USDPayables,pct,24.4622,2,5,6,Hard currency reserves,liquidity crisis,1.0
S11_v1.0_1,Combined,Ghana macro reversal,"IMF suspension, cedi collapse, inflation spike",FIN03,delta,-4.1751,3,5,6,Diversification (enhanced),compound margin impact,1.0
S33_v1.0_2,Shock,Ransomware - core network 10-day outage,"Full network outage due to ransomware, 10 days",OPS01,pct,-5.7387,1,5,4,Cyber insurance (enhanced),subscriber loss,1.0
S17_v0.5_2,Stress,BoG emergency rate hike to 35%,MPC hikes policy rate to 35% in emergency meeting,CapexFinancing,pct,21.4106,2,4,2,Refinancing,FY22 rate spike,0.5
S07_v1.0_1,Shock,Spectrum dispute - 4G degradation,"Regulator forces spectrum reallocation, 4G speeds drop",OPS07,delta,-2.2858,2,4,2,Litigation & lobbying (enhanced),coverage reduction,1.0
S74_v0.5_2,Stress,Labour dispute - 1 week strike,"Short strike, minimal impact",Opex,abs,27.2194,4,2,1,Labour relations (enhanced),small cost,0.5
S38_v1.0_1,Shock,National grid + telecoms cyberattack,State‑sponsored attack on grid and telcos,EmergencyOpex,pct,24.0954,1,5,8,National security,restoration cost,1.0
S32_v1.5_2,Combined,Regulatory storm (spectrum + e-levy + tariff cap),Three major regulatory hits simultaneously,FIN03,delta,-7.8798,2,5,6,Unified response,margin crash,1.5
S56_v1.5_1,Combined,Perfect storm (macro+cyber+regulatory+climate),Worst‑case combined event,SEG03,pct,-63.254,1,5,8,Comprehensive resilience,MoMo wipeout,1.5
S19_v0.5_2,Upside,Cedi appreciation +30%,Cedi strengthens 30% on oil windfall,FIN01,pct,5.5766,3,3,2,Shareholder returns,FY25 tailwind,0.5
S67_v1.5_2,Upside,5G auction win - MTN leads,MTN wins 5G spectrum cheaply,DataShare,delta,2.6248,4,3,3,5G leadership (enhanced),competitive advantage,1.5
S15_v1.0_2,Stress,Cedi devaluation -40% (severe),"Cedi plummets 40% in 3 months, BoG intervenes",OPS04,pct,-24.8218,2,5,4,Emergency tariff repricing,ARPU collapse,1.0
S37_v1.0_1,Stress,AI-driven MoMo fraud surge +500%,AI fraud attacks cause massive MoMo losses,MoMoUsers,pct,-7.0237,3,4,2,AI fraud detection (enhanced),trust erosion,1.0
S34_v1.0_2,Shock,MoMo vendor insolvency - forced migration,"MoMo platform vendor goes bankrupt, 15‑day migration",EmergencyCapex,abs,1262.2761,2,4,6,Vendor diversification (enhanced),industry risk,1.0
S36_v0.5_2,Shock,Subsea cable cut - bandwidth crisis,"International fibre cut, 50% capacity loss for 3 weeks",EnterpriseRevenue,pct,-3.776,2,3,1,Alternative routing,2024 WACS outage,0.5
S83_v0.5_1,Stress,Diesel tax rebate,Govt removes fuel tax for telcos,FIN03,delta,0.2543,4,2,1,Government relations,benefit,0.5
S08_v1.5_2,Shock,Major flood - 300+ sites down,Heavy rains damage 300 cell sites across south,OPS01,pct,-1.6307,2,3,2,Disaster recovery,subscriber disruption,1.5
S19_v1.0_1,Upside,Cedi appreciation +30%,Cedi strengthens 30% on oil windfall,USDOpex,pct,-12.5543,3,3,2,Shareholder returns,cost relief,1.0
S60_v1.0_2,Stress,Inflation 35% (severe),CPI hits 35% after currency crisis,FIN03,delta,-4.6421,2,5,3,Price elasticity,FY22 extreme,1.0
S19_v1.0_2,Upside,Cedi appreciation +30%,Cedi strengthens 30% on oil windfall,FIN01,pct,9.8376,3,3,2,Shareholder returns (enhanced),FY25 tailwind,1.0
S54_v1.0_2,Upside,Ghana GDP 8%+ super-cycle,"Oil & mining boom, GDP growth >8%",MoMoVolumes,pct,16.8393,2,3,2,Macro hedging,transaction growth,1.0
S67_v0.5_2,Upside,5G auction win - MTN leads,MTN wins 5G spectrum cheaply,DataARPU,pct,0.7453,4,3,3,5G leadership,premium pricing,0.5
S02_v1.5_2,Stress,Inflation resurgence to 25%,CPI hits 25% due to fiscal slippage,FIN03,delta,-4.8806,3,3,2,Cost optimisation,FY22 inflation impact,1.5
S10_v1.0_2,Shock,Competitive intensification (ARPU pressure),Price war cuts data tariffs 30% across market,FIN01,pct,-6.2218,3,4,2,Product differentiation,revenue erosion,1.0
S15_v1.0_1,Stress,Cedi devaluation -40% (severe),"Cedi plummets 40% in 3 months, BoG intervenes",FIN03,delta,-4.6594,2,5,4,Emergency tariff repricing (enhanced),USD cost pass-through,1.0
S62_v1.5_2,Stress,Ghana GDP growth 0% (stagnation),GDP growth 0% (stagnation),Subscribers,pct,-1.6852,3,3,2,Cost rationalisation,disposable income,1.5
S54_v1.5_2,Upside,Ghana GDP 8%+ super-cycle,"Oil & mining boom, GDP growth >8%",OPS01,pct,7.4945,2,3,2,Macro hedging (enhanced),historical boom,1.5
S51_v1.0_2,Stress,Labour dispute - extended strike,Union strikes for 4 weeks over pay,CustomerService,delta,-0.4378,2,3,2,Employee relations,NPS decline,1.0
S40_v1.0_1,Stress,Telecel aggressive bundle reset,Telecel launches low‑price voice+data bundle,CAC,pct,22.7775,4,3,2,Value proposition,customer acquisition,1.0
S33_v0.5_1,Shock,Ransomware - core network 10-day outage,"Full network outage due to ransomware, 10 days",FIN01,pct,-9.8584,1,5,4,Cyber insurance,MTN Nigeria 2023 analogue,0.5
S44_v1.0_2,Shock,Bank-led mobile wallet captures MoMo share,Consortium of banks launches unified wallet,MoMoUsers,pct,-15.2865,3,4,3,Fintech partnership,Kenya M-Pesa vs banks,1.0
S37_v1.5_2,Stress,AI-driven MoMo fraud surge +500%,AI fraud attacks cause massive MoMo losses,MoMoUsers,pct,-12.338,3,4,2,AI fraud detection,trust erosion,1.5
S04_v1.5_2,Stress,Sovereign debt freeze,"IMF programme stalls, donors cut aid",Dividend,abs,-74.5533,2,4,6,Repatriation planning,FY22 dividend freeze,1.5
S27_v1.0_2,Stress,Parliament social tariff floor,"Minimum data price floor removed, intense price war",FIN01,pct,-6.2909,3,4,2,Pricing strategy,Kenya precedent,1.0
S68_v0.5_2,Stress,Subsea cable cut - minor 1 week,"Single fibre cut, 10% capacity loss",FIN01,pct,-0.2716,4,2,1,Redundancy planning,limited impact,0.5
S15_v1.0_1,Stress,Cedi devaluation -40% (severe),"Cedi plummets 40% in 3 months, BoG intervenes",FIN02,pct,-19.5689,2,5,4,Emergency tariff repricing,EBITDA erosion,1.0
S76_v0.5_2,Stress,Shareholder dividend pressure,Activist investors demand higher payout,Dividend,delta,0.2717,3,3,2,Capital allocation,no direct KPI,0.5
S63_v1.5_2,Stress,NCA small fine GHS 100m,Minor compliance fine,Fine,abs,143.6076,4,2,1,Compliance,industry norm,1.5
S13_v1.5_2,Combined,Network crisis + climate compound,Major outage + flooding + diesel shortage,FIN03,delta,-4.9277,2,5,6,Resilience investment (enhanced),cost overrun,1.5
S14_v0.5_2,Combined,Reverse-FY25 - all tailwinds vanish,"Cedi weakens, inflation rises, regulatory crackdown",Opex,pct,11.0831,3,5,4,Base case review (enhanced),cost pressure,0.5
S26_v1.0_1,Stress,Spectrum refarming forced at cost,Refarming 2G/3G to 4G/5G at NCA's cost,Capex,abs,766.4307,3,3,3,Network planning,MTN SA refarming cost,1.0
S45_v1.0_1,Stress,OTT substitution accelerates - voice collapse,WhatsApp voice + video kills traditional voice,VoiceRev,pct,-19.002,4,3,2,OTT monetisation (enhanced),global trend,1.0
S17_v1.5_2,Stress,BoG emergency rate hike to 35%,MPC hikes policy rate to 35% in emergency meeting,Dividend,pct,-95.4388,2,4,2,Refinancing,cash preservation,1.5
S19_v0.5_2,Upside,Cedi appreciation +30%,Cedi strengthens 30% on oil windfall,USDOpex,pct,-7.3044,3,3,2,Shareholder returns (enhanced),cost relief,0.5
S42_v1.0_2,Stress,AT Ghana recapitalisation,"AirtelTigo gets new investor, aggressive marketing",Churn,pct,2.1876,3,3,2,Marketing efficiency (enhanced),subscriber retention,1.0
S81_v0.5_2,Stress,Starlink urban expansion,Starlink offers competitive urban data bundles,DataARPU,pct,-1.3416,3,3,2,Satellite strategy,price pressure,0.5
S15_v1.0_2,Stress,Cedi devaluation -40% (severe),"Cedi plummets 40% in 3 months, BoG intervenes",FIN03,delta,-4.5617,2,5,4,Emergency tariff repricing,USD cost pass-through,1.0
S41_v1.5_1,Shock,New MVNO entry - tech giant,Amazon or Google launches MVNO in Ghana,Enterprise,pct,-15.2693,2,4,3,Strategic partnership,business segment,1.5
S29_v1.5_2,Shock,NCA partial licence revocation,NCA revokes MTN's data licence in 2 regions,GroupWriteDown,delta,1.3116,1,5,8,Legal defence,impairment,1.5
S04_v1.5_2,Stress,Sovereign debt freeze,"IMF programme stalls, donors cut aid",WorkingCapital,delta,23.0428,2,4,6,Repatriation planning,FY22 working capital impact,1.5
S06_v1.5_1,Shock,Major cyber breach - 5-day MoMo outage,Ransomware locks MoMo platform for 5 days,FIN02,pct,-4.6055,2,5,3,Cyber resilience,revenue loss + fines,1.5
S02_v1.0_2,Stress,Inflation resurgence to 25%,CPI hits 25% due to fiscal slippage,FIN01,pct,-4.1957,3,3,2,Cost optimisation (enhanced),FY22 inflation impact,1.0
S62_v1.5_2,Stress,Ghana GDP growth 0% (stagnation),"No growth, high unemployment",FIN01,pct,-2.9708,3,3,2,Cost rationalisation (enhanced),macro drag,1.5
S15_v0.5_2,Stress,Cedi devaluation -40% (severe),"Cedi plummets 40% in 3 months, BoG intervenes",OPS04,pct,-12.4445,2,5,4,Emergency tariff repricing (enhanced),ARPU collapse,0.5
S13_v0.5_1,Combined,Network crisis + climate compound,Major outage + flooding + diesel shortage,Sites,delta,-176.8307,2,5,6,Resilience investment (enhanced),worst-case scenario,0.5
S28_v0.5_1,Stress,BoG MoMo interoperability mandate,Compulsory low‑cost interoperability with banks,SEG03,pct,-7.6025,4,4,2,Fintech platform (enhanced),Tanzania analogue,0.5
S45_v1.0_1,Stress,OTT substitution accelerates - voice collapse,WhatsApp voice + video kills traditional voice,SMSRev,pct,-32.6533,4,3,2,OTT monetisation,declining usage,1.0
S54_v1.5_1,Upside,Ghana GDP 8%+ super-cycle,"Oil & mining boom, GDP growth >8%",MoMoVolumes,pct,27.0967,2,3,2,Macro hedging,transaction growth,1.5
S05_v1.5_2,Stress,ECG tariff +40%,Power utility raises tariffs 40%,Opex,pct,17.1845,3,3,1,Energy efficiency,FY23 tariff hike,1.5
S06_v0.5_1,Shock,Major cyber breach - 5-day MoMo outage,Ransomware locks MoMo platform for 5 days,SEG03,pct,-6.3905,2,5,3,Cyber resilience (enhanced),industry benchmark,0.5
S25_v1.5_1,Stress,NCA universal service levy increase,Levy raised from 1% to 2% of revenue,Opex,abs,587.7611,3,3,1,Compliance,industry levy rate,1.5
S05_v1.5_1,Stress,ECG tariff +40%,Power utility raises tariffs 40%,FIN03,delta,-2.812,3,3,1,Energy efficiency (enhanced),pass-through cost,1.5
S41_v1.0_1,Shock,New MVNO entry - tech giant,Amazon or Google launches MVNO in Ghana,DataARPU,pct,-17.0731,2,4,3,Strategic partnership,international MVNO impact,1.0
S64_v1.5_1,Stress,NCA very large fine GHS 1.2bn,Major anti‑trust fine,FIN03,delta,-5.25,2,5,4,Legal reserve (enhanced),EBITDA reduction,1.5
S59_v1.5_1,Stress,Inflation 15% (moderate),CPI rises to 15% on food prices,FIN03,delta,-2.4729,3,2,1,Cost control (enhanced),FY23 average,1.5
S54_v1.0_1,Upside,Ghana GDP 8%+ super-cycle,"Oil & mining boom, GDP growth >8%",MoMoVolumes,pct,20.1032,2,3,2,Macro hedging,transaction growth,1.0
S34_v1.5_1,Shock,MoMo vendor insolvency - forced migration,"MoMo platform vendor goes bankrupt, 15‑day migration",MoMoUsers,pct,-17.3571,2,4,6,Vendor diversification,churn,1.5
S32_v1.0_2,Combined,Regulatory storm (spectrum + e-levy + tariff cap),Three major regulatory hits simultaneously,Capex,pct,19.3797,2,5,6,Unified response (enhanced),forced investment,1.0
S22_v1.0_1,Stress,Oil price spike - pass-through inflation,"Crude oil +50%, diesel +80%",DieselCost,pct,45.0982,3,3,1,Energy transition (enhanced),FY22 fuel price,1.0
S01_v1.5_2,Stress,Cedi devaluation -25%,Cedi drops 25% vs USD over 2 quarters,FIN01,pct,-12.7367,3,4,3,Emergency tariff repricing (enhanced),FY22 analogue 0.32 elasticity,1.5
S18_v1.5_1,Stress,Ghana sovereign downgrade to junk,"Moody's cuts Ghana to Caa1, foreign debt frozen",FXRepatriation,delta,1.3047,2,4,6,Onshore reinvestment,FY22 freeze,1.5
S34_v1.0_1,Shock,MoMo vendor insolvency - forced migration,"MoMo platform vendor goes bankrupt, 15‑day migration",EmergencyCapex,abs,1332.6873,2,4,6,Vendor diversification,industry risk,1.0
S07_v1.0_1,Shock,Spectrum dispute - 4G degradation,"Regulator forces spectrum reallocation, 4G speeds drop",FIN01,pct,-7.9507,2,4,2,Litigation & lobbying (enhanced),MTN Nigeria precedent,1.0
S06_v0.5_2,Shock,Major cyber breach - 5-day MoMo outage,Ransomware locks MoMo platform for 5 days,Reputation,delta,-1.0379,2,5,3,Cyber resilience,qualitative,0.5
S49_v1.5_1,Stress,Tower equipment supply chain disruption,Huawei sanctions delay tower equipment 6 months,RolloutDelay,delta,2.8315,3,3,2,Supplier diversification,quarters,1.5
S31_v1.5_2,Stress,Data Protection Act fine - major enforcement,DPC fines MTN GHS 500m for data breach,ComplianceOpex,abs,293.2372,3,3,2,Data compliance,remediation cost,1.5
S18_v1.0_1,Stress,Ghana sovereign downgrade to junk,"Moody's cuts Ghana to Caa1, foreign debt frozen",RiskPremium,delta,473.9266,2,4,6,Onshore reinvestment,sovereign spread,1.0
S53_v1.0_1,Upside,MoMo lending / micro-insurance breakthrough,"MoMo lending scales 5x, insurance attach rate 20%",DigitalRev,pct,82.4869,3,4,4,Fintech growth (enhanced),new revenue,1.0
S30_v1.0_2,Shock,SIM re-registration 2.0 - 6-month disruption,"Mandatory new SIM registration, 6‑month process",MoMoUsers,pct,-9.7527,3,4,6,Stakeholder engagement,fintech impact,1.0
S74_v1.5_1,Stress,Labour dispute - 1 week strike,"Short strike, minimal impact",Opex,abs,81.6425,4,2,1,Labour relations,small cost,1.5
S16_v1.5_2,Stress,Hyperinflation return - 50%+,"Inflation exceeds 50%, currency crisis deepens",FIN03,delta,-9.2241,2,5,6,Cost pass-through,operating leverage,1.5
S40_v1.0_2,Stress,Telecel aggressive bundle reset,Telecel launches low‑price voice+data bundle,CAC,pct,20.3167,4,3,2,Value proposition,customer acquisition,1.0
S15_v1.0_1,Stress,Cedi devaluation -40% (severe),"Cedi plummets 40% in 3 months, BoG intervenes",Capex,pct,-23.9395,2,5,4,Emergency tariff repricing,investment pause,1.0
S34_v1.0_1,Shock,MoMo vendor insolvency - forced migration,"MoMo platform vendor goes bankrupt, 15‑day migration",MoMoUsers,pct,-12.5836,2,4,6,Vendor diversification,churn,1.0
S32_v1.0_1,Combined,Regulatory storm (spectrum + e-levy + tariff cap),Three major regulatory hits simultaneously,FIN03,delta,-5.5682,2,5,6,Unified response,margin crash,1.0
S32_v0.5_2,Combined,Regulatory storm (spectrum + e-levy + tariff cap),Three major regulatory hits simultaneously,FIN01,pct,-7.0393,2,5,6,Unified response,compound effect,0.5
S32_v1.0_2,Combined,Regulatory storm (spectrum + e-levy + tariff cap),Three major regulatory hits simultaneously,FIN03,delta,-4.7717,2,5,6,Unified response,margin crash,1.0
S76_v0.5_1,Stress,Shareholder dividend pressure,Activist investors demand higher payout,Dividend,delta,0.2313,3,3,2,Capital allocation (enhanced),no direct KPI,0.5
S40_v0.5_2,Stress,Telecel aggressive bundle reset,Telecel launches low‑price voice+data bundle,CAC,pct,10.1581,4,3,2,Value proposition,customer acquisition,0.5
S07_v1.5_1,Shock,Spectrum dispute - 4G degradation,"Regulator forces spectrum reallocation, 4G speeds drop",DataUsage,pct,-22.8854,2,4,2,Litigation & lobbying (enhanced),user experience decline,1.5
S46_v1.5_2,Stress,Starlink Ghana rural expansion,Starlink launches low‑cost rural satellite broadband,ARPU,delta,-0.6992,3,3,2,Satellite partnership,pricing pressure,1.5
S15_v1.5_1,Stress,Cedi devaluation -40% (severe),"Cedi plummets 40% in 3 months, BoG intervenes",FIN03,delta,-6.3098,2,5,4,Emergency tariff repricing (enhanced),USD cost pass-through,1.5
S29_v0.5_2,Shock,NCA partial licence revocation,NCA revokes MTN's data licence in 2 regions,GroupWriteDown,delta,0.5708,1,5,8,Legal defence,impairment,0.5
S16_v1.0_2,Stress,Hyperinflation return - 50%+,"Inflation exceeds 50%, currency crisis deepens",OPS01,pct,-3.5449,2,5,6,Cost pass-through,reduced affordability,1.0
S28_v1.0_2,Stress,BoG MoMo interoperability mandate,Compulsory low‑cost interoperability with banks,FeeYield,pct,-32.3585,4,4,2,Fintech platform,revenue erosion,1.0
S01_v1.0_2,Stress,Cedi devaluation -25%,Cedi drops 25% vs USD over 2 quarters,FIN03,delta,-1.6939,3,4,3,Emergency tariff repricing,FY22 analogue 0.32 elasticity,1.0
S73_v1.5_1,Stress,Localised flood - 50 sites down,Regional flooding affects 50 towers,FIN01,pct,-0.4685,4,2,1,Local resilience (enhanced),short outage,1.5
S12_v1.5_1,Combined,Fintech disruption + regulatory pressure,Bank-led wallets capture MoMo share + e-levy hike,SEG03,pct,-48.5104,3,4,4,Fintech strategy,industry analysis,1.5
S49_v0.5_1,Stress,Tower equipment supply chain disruption,Huawei sanctions delay tower equipment 6 months,CapexEfficiency,pct,-13.821,3,3,2,Supplier diversification,global chip shortage,0.5
S05_v1.0_2,Stress,ECG tariff +40%,Power utility raises tariffs 40%,FIN03,delta,-2.248,3,3,1,Energy efficiency,pass-through cost,1.0
S68_v1.0_2,Stress,Subsea cable cut - minor 1 week,"Single fibre cut, 10% capacity loss",FIN01,pct,-0.5341,4,2,1,Redundancy planning,limited impact,1.0
S38_v0.5_1,Shock,National grid + telecoms cyberattack,State‑sponsored attack on grid and telcos,FIN01,pct,-7.6179,1,5,8,National security (enhanced),revenue collapse,0.5
S50_v1.5_1,Shock,CEO + CFO simultaneous departure,Both top executives resign unexpectedly,SharePrice,pct,-13.9976,2,3,1,Succession planning,market reaction,1.5
S14_v1.5_2,Combined,Reverse-FY25 - all tailwinds vanish,"Cedi weakens, inflation rises, regulatory crackdown",Opex,pct,30.1128,3,5,4,Base case review (enhanced),cost pressure,1.5
S23_v1.5_2,Shock,BoG FX intervention failure - disorderly devaluation,"Cedi hits 18 GHS/USD, BoG runs out of reserves",Cedi,delta,-52.272,2,5,6,Hard currency reserves,FY22 disorderly,1.5
S13_v0.5_2,Combined,Network crisis + climate compound,Major outage + flooding + diesel shortage,OPS07,delta,-1.4654,2,5,6,Resilience investment,coverage loss,0.5
S57_v1.5_2,Stress,Cedi devaluation -15% (mild),Cedi weakens 15% gradually,OPS04,pct,-11.7592,3,2,2,Tariff repricing (enhanced),ARPU effect,1.5
S30_v1.5_2,Shock,SIM re-registration 2.0 - 6-month disruption,"Mandatory new SIM registration, 6‑month process",MoMoUsers,pct,-13.9265,3,4,6,Stakeholder engagement,fintech impact,1.5
S44_v0.5_1,Shock,Bank-led mobile wallet captures MoMo share,Consortium of banks launches unified wallet,SEG03,pct,-10.5861,3,4,3,Fintech partnership,revenue loss,0.5
S14_v1.5_2,Combined,Reverse-FY25 - all tailwinds vanish,"Cedi weakens, inflation rises, regulatory crackdown",FIN01,pct,-8.6257,3,5,4,Base case review (enhanced),FY22 data,1.5
S72_v1.5_1,Stress,ECG load-shedding Stage 3 - 3 months,Daily 4‑hour power cuts,SiteAvailability,delta,-1.534,4,3,3,Power backup,minor degradation,1.5
S40_v1.5_2,Stress,Telecel aggressive bundle reset,Telecel launches low‑price voice+data bundle,DataShare,delta,-3.1524,4,3,2,Value proposition (enhanced),market share shift,1.5
S30_v0.5_2,Shock,SIM re-registration 2.0 - 6-month disruption,"Mandatory new SIM registration, 6‑month process",DataSubs,pct,-3.0498,3,4,6,Stakeholder engagement,data impact,0.5
S64_v0.5_2,Stress,NCA very large fine GHS 1.2bn,Major anti‑trust fine,FIN03,delta,-2.1414,2,5,4,Legal reserve (enhanced),EBITDA reduction,0.5
S11_v1.0_2,Combined,Ghana macro reversal,"IMF suspension, cedi collapse, inflation spike",FIN01,pct,-12.295,3,5,6,Diversification (enhanced),compound FY22-FY23,1.0
S85_v0.5_1,Upside,New data centre investment,MTN builds Tier‑4 data centre,EBITDA,delta,0.0828,4,3,2,Digital infrastructure,cloud revenue,0.5
S33_v1.0_1,Shock,Ransomware - core network 10-day outage,"Full network outage due to ransomware, 10 days",FIN01,pct,-19.947,1,5,4,Cyber insurance,MTN Nigeria 2023 analogue,1.0
S61_v0.5_2,Upside,Policy rate cut to 20% (stimulus),BoG cuts rate aggressively,FIN03,delta,0.8704,3,3,2,Debt restructuring,interest saving,0.5
S38_v1.5_2,Shock,National grid + telecoms cyberattack,State‑sponsored attack on grid and telcos,SitesOffline,pct,33.19,1,5,8,National security,extreme scenario,1.5
S62_v1.0_1,Stress,Ghana GDP growth 0% (stagnation),GDP growth 0% (stagnation),Subscribers,pct,-0.9819,3,3,2,Cost rationalisation (enhanced),disposable income,1.0
S47_v1.5_2,Stress,ECG load-shedding Stage 6 - 6 months,"Daily 8‑hour power cuts, diesel costs quadruple",SiteAvailability,delta,-4.6012,3,4,4,Alternative power (enhanced),service uptime,1.5
S31_v1.5_1,Stress,Data Protection Act fine - major enforcement,DPC fines MTN GHS 500m for data breach,ComplianceOpex,abs,289.9155,3,3,2,Data compliance,remediation cost,1.5
S01_v0.5_2,Stress,Cedi devaluation -25%,Cedi drops 25% vs USD over 2 quarters,FIN03,delta,-1.0434,3,4,3,Emergency tariff repricing,FY22 analogue 0.32 elasticity,0.5
S46_v1.0_1,Stress,Starlink Ghana rural expansion,Starlink launches low‑cost rural satellite broadband,RuralDataSubs,pct,-5.6455,3,3,2,Satellite partnership (enhanced),competitive threat,1.0
S09_v1.5_2,Shock,Mass data privacy breach,Customer data of 5M users leaked online,Churn,pct,7.0754,2,4,4,Data governance,customer flight,1.5
S21_v1.0_2,Stress,Cocoa/commodity crash - fiscal squeeze,"Cocoa prices fall 40%, export revenues drop",MoMoVolumes,pct,-7.2797,3,3,2,FX hedging,transaction value,1.0
S56_v1.5_1,Combined,Perfect storm (macro+cyber+regulatory+climate),Worst‑case combined event,FIN03,delta,-11.5744,1,5,8,Comprehensive resilience (enhanced),severe margin,1.5
S14_v0.5_2,Combined,Reverse-FY25 - all tailwinds vanish,"Cedi weakens, inflation rises, regulatory crackdown",FIN01,pct,-2.3383,3,5,4,Base case review,FY22 data,0.5
S19_v1.5_2,Upside,Cedi appreciation +30%,Cedi strengthens 30% on oil windfall,FIN03,delta,4.3484,3,3,2,Shareholder returns,FY25 tailwind,1.5
S52_v0.5_2,Upside,5G early mover - enterprise revenue surge,"MTN launches 5G first, grabs enterprise share",EnterpriseRev,pct,12.919,3,3,4,5G investment,FY26 forecast,0.5
S42_v1.5_2,Stress,AT Ghana recapitalisation,"AirtelTigo gets new investor, aggressive marketing",Churn,pct,2.3163,3,3,2,Marketing efficiency,subscriber retention,1.5
S63_v0.5_1,Stress,NCA small fine GHS 100m,Minor compliance fine,Fine,abs,50.5635,4,2,1,Compliance,industry norm,0.5
S58_v1.0_2,Stress,Cedi devaluation -50% (extreme),"Cedi loses 50% in 6 months, hyperinflation",OPS04,pct,-32.7234,1,6,8,Contingency planning,ARPU halved,1.0
S72_v0.5_1,Stress,ECG load-shedding Stage 3 - 3 months,Daily 4‑hour power cuts,SiteAvailability,delta,-0.5161,4,3,3,Power backup,minor degradation,0.5
S87_v1.0_1,Upside,Currency swap agreement (China),Direct GHS/CNY settlement reduces USD exposure,FXCost,delta,-0.2026,4,3,2,Innovative hedging,lower cost,1.0
S29_v1.5_1,Shock,NCA partial licence revocation,NCA revokes MTN's data licence in 2 regions,FIN01,pct,-41.4869,1,5,8,Legal defence,extreme tail risk,1.5
S46_v0.5_2,Stress,Starlink Ghana rural expansion,Starlink launches low‑cost rural satellite broadband,RuralDataSubs,pct,-2.5658,3,3,2,Satellite partnership (enhanced),competitive threat,0.5
S84_v1.5_2,Stress,Removal of roaming surcharge,ECOWAS free roaming enforced,FIN01,pct,-0.4823,4,2,1,Regional negotiation,small erosion,1.5
S69_v1.5_2,Stress,MoMo fraud surge +200%,"Fraud losses double, customer trust dips",SEG03,pct,-8.3473,3,3,2,Fraud detection,trust erosion,1.5
S34_v1.5_2,Shock,MoMo vendor insolvency - forced migration,"MoMo platform vendor goes bankrupt, 15‑day migration",MoMoOutage,delta,26.3939,2,4,6,Vendor diversification,service disruption,1.5
S41_v1.5_1,Shock,New MVNO entry - tech giant,Amazon or Google launches MVNO in Ghana,DataARPU,pct,-22.5684,2,4,3,Strategic partnership,international MVNO impact,1.5
S81_v1.5_1,Stress,Starlink urban expansion,Starlink offers competitive urban data bundles,DataARPU,pct,-3.9937,3,3,2,Satellite strategy,price pressure,1.5
S57_v1.5_1,Stress,Cedi devaluation -15% (mild),Cedi weakens 15% gradually,FIN01,pct,-5.4975,3,2,2,Tariff repricing,0.32 elasticity,1.5
S67_v1.0_2,Upside,5G auction win - MTN leads,MTN wins 5G spectrum cheaply,DataARPU,pct,1.4098,4,3,3,5G leadership,premium pricing,1.0
S54_v1.0_1,Upside,Ghana GDP 8%+ super-cycle,"Oil & mining boom, GDP growth >8%",OPS04,pct,10.0083,2,3,2,Macro hedging,ARPU uplift,1.0
S10_v0.5_2,Shock,Competitive intensification (ARPU pressure),Price war cuts data tariffs 30% across market,FIN01,pct,-2.6554,3,4,2,Product differentiation (enhanced),revenue erosion,0.5
S14_v0.5_1,Combined,Reverse-FY25 - all tailwinds vanish,"Cedi weakens, inflation rises, regulatory crackdown",FIN03,delta,-2.3203,3,5,4,Base case review (enhanced),opposite of FY25,0.5
S67_v1.0_1,Upside,5G auction win - MTN leads,MTN wins 5G spectrum cheaply,DataARPU,pct,1.5359,4,3,3,5G leadership (enhanced),premium pricing,1.0
S58_v0.5_1,Stress,Cedi devaluation -50% (extreme),"Cedi loses 50% in 6 months, hyperinflation",OPS04,pct,-17.1014,1,6,8,Contingency planning (enhanced),ARPU halved,0.5
S13_v1.0_1,Combined,Network crisis + climate compound,Major outage + flooding + diesel shortage,OPS07,delta,-3.0775,2,5,6,Resilience investment (enhanced),coverage loss,1.0
S80_v1.0_1,Stress,Free MoMo transaction period,Govt mandates 6 months zero fees,SEG03,pct,-11.7368,4,3,2,Fintech reprieve (enhanced),waiver impact,1.0
S05_v0.5_2,Stress,ECG tariff +40%,Power utility raises tariffs 40%,FIN03,delta,-1.0055,3,3,1,Energy efficiency,pass-through cost,0.5
S09_v1.5_1,Shock,Mass data privacy breach,Customer data of 5M users leaked online,Fine,abs,288.6013,2,4,4,Data governance,regulatory penalty,1.5
S17_v1.0_1,Stress,BoG emergency rate hike to 35%,MPC hikes policy rate to 35% in emergency meeting,Dividend,pct,-58.853,2,4,2,Refinancing (enhanced),cash preservation,1.0
S29_v1.0_1,Shock,NCA partial licence revocation,NCA revokes MTN's data licence in 2 regions,SubscriberExodus,pct,-19.079,1,5,8,Legal defence,market loss,1.0
S52_v0.5_1,Upside,5G early mover - enterprise revenue surge,"MTN launches 5G first, grabs enterprise share",EnterpriseRev,pct,14.1726,3,3,4,5G investment,FY26 forecast,0.5
S45_v0.5_2,Stress,OTT substitution accelerates - voice collapse,WhatsApp voice + video kills traditional voice,SMSRev,pct,-14.9309,4,3,2,OTT monetisation,declining usage,0.5
S29_v1.0_2,Shock,NCA partial licence revocation,NCA revokes MTN's data licence in 2 regions,GroupWriteDown,delta,0.955,1,5,8,Legal defence,impairment,1.0
S03_v0.5_2,Stress,MoMo e-levy increase to 1.5%,Govt raises e-levy from 1% to 1.5%,SEG03,pct,-11.8549,3,4,2,Pricing strategy,Q2 2022 e-levy impact,0.5
S29_v1.5_1,Shock,NCA partial licence revocation,NCA revokes MTN's data licence in 2 regions,SubscriberExodus,pct,-32.7583,1,5,8,Legal defence,market loss,1.5
S08_v0.5_2,Shock,Major flood - 300+ sites down,Heavy rains damage 300 cell sites across south,OPS01,pct,-0.4905,2,3,2,Disaster recovery,subscriber disruption,0.5
S43_v1.0_2,Stress,Price war - all operators cut data 40%,"Industry‑wide data price war, 40% cuts",FIN01,pct,-13.1144,3,4,2,Cost leadership,2018 price war,1.0
S40_v1.5_2,Stress,Telecel aggressive bundle reset,Telecel launches low‑price voice+data bundle,CAC,pct,28.8387,4,3,2,Value proposition,customer acquisition,1.5
S38_v1.5_1,Shock,National grid + telecoms cyberattack,State‑sponsored attack on grid and telcos,EmergencyOpex,pct,39.8574,1,5,8,National security (enhanced),restoration cost,1.5
S18_v1.5_2,Stress,Ghana sovereign downgrade to junk,"Moody's cuts Ghana to Caa1, foreign debt frozen",FXRepatriation,delta,1.5058,2,4,6,Onshore reinvestment,FY22 freeze,1.5
S27_v0.5_1,Stress,Parliament social tariff floor,"Minimum data price floor removed, intense price war",FIN01,pct,-2.8745,3,4,2,Pricing strategy,Kenya precedent,0.5
S36_v1.5_2,Shock,Subsea cable cut - bandwidth crisis,"International fibre cut, 50% capacity loss for 3 weeks",EnterpriseRevenue,pct,-11.9369,2,3,1,Alternative routing,2024 WACS outage,1.5
S52_v1.5_1,Upside,5G early mover - enterprise revenue surge,"MTN launches 5G first, grabs enterprise share",DataARPU,pct,24.6836,3,3,4,5G investment,premium pricing,1.5
S37_v0.5_2,Stress,AI-driven MoMo fraud surge +500%,AI fraud attacks cause massive MoMo losses,FraudLosses,abs,123.6143,3,4,2,AI fraud detection (enhanced),Kenya fraud trend,0.5
S63_v1.5_2,Stress,NCA small fine GHS 100m,Minor compliance fine,FIN03,delta,-0.8236,4,2,1,Compliance,one‑off impact,1.5
S60_v0.5_2,Stress,Inflation 35% (severe),CPI hits 35% after currency crisis,Opex,pct,13.1483,2,5,3,Price elasticity,cost pass-through,0.5
S01_v0.5_1,Stress,Cedi devaluation -25%,Cedi drops 25% vs USD over 2 quarters,FIN01,pct,-4.1589,3,4,3,Emergency tariff repricing (enhanced),FY22 analogue 0.32 elasticity,0.5
S34_v0.5_1,Shock,MoMo vendor insolvency - forced migration,"MoMo platform vendor goes bankrupt, 15‑day migration",MoMoOutage,delta,7.7212,2,4,6,Vendor diversification (enhanced),service disruption,0.5
S22_v0.5_1,Stress,Oil price spike - pass-through inflation,"Crude oil +50%, diesel +80%",DieselCost,pct,18.7352,3,3,1,Energy transition,FY22 fuel price,0.5
S23_v1.5_1,Shock,BoG FX intervention failure - disorderly devaluation,"Cedi hits 18 GHS/USD, BoG runs out of reserves",USDPayables,pct,45.2201,2,5,6,Hard currency reserves,liquidity crisis,1.5
S18_v1.5_1,Stress,Ghana sovereign downgrade to junk,"Moody's cuts Ghana to Caa1, foreign debt frozen",RiskPremium,delta,810.3776,2,4,6,Onshore reinvestment,sovereign spread,1.5
S56_v1.5_1,Combined,Perfect storm (macro+cyber+regulatory+climate),Worst‑case combined event,Dividend,abs,0.0092,1,5,8,Comprehensive resilience,suspended,1.5
S43_v0.5_1,Stress,Price war - all operators cut data 40%,"Industry‑wide data price war, 40% cuts",FIN01,pct,-5.826,3,4,2,Cost leadership (enhanced),2018 price war,0.5
S29_v1.5_1,Shock,NCA partial licence revocation,NCA revokes MTN's data licence in 2 regions,GroupWriteDown,delta,1.5746,1,5,8,Legal defence,impairment,1.5
S42_v0.5_2,Stress,AT Ghana recapitalisation,"AirtelTigo gets new investor, aggressive marketing",Churn,pct,1.0209,3,3,2,Marketing efficiency,subscriber retention,0.5
S84_v1.5_1,Stress,Removal of roaming surcharge,ECOWAS free roaming enforced,FIN01,pct,-0.508,4,2,1,Regional negotiation,small erosion,1.5
S66_v1.5_1,Stress,Tariff floor removal only,"Price floor removed, moderate competition",FIN01,pct,-5.9122,3,3,2,Value stacking,Kenya analogue,1.5
S10_v1.5_1,Shock,Competitive intensification (ARPU pressure),Price war cuts data tariffs 30% across market,OPS01,pct,-3.8343,3,4,2,Product differentiation,subscriber churn,1.5
S08_v1.5_2,Shock,Major flood - 300+ sites down,Heavy rains damage 300 cell sites across south,FIN01,pct,-3.2529,2,3,2,Disaster recovery,FY21 flooding impact,1.5
S57_v0.5_1,Stress,Cedi devaluation -15% (mild),Cedi weakens 15% gradually,FIN01,pct,-1.9415,3,2,2,Tariff repricing,0.32 elasticity,0.5
S34_v1.0_2,Shock,MoMo vendor insolvency - forced migration,"MoMo platform vendor goes bankrupt, 15‑day migration",MoMoUsers,pct,-12.1791,2,4,6,Vendor diversification (enhanced),churn,1.0
S72_v1.5_2,Stress,ECG load-shedding Stage 3 - 3 months,Daily 4‑hour power cuts,DieselOpex,abs,336.5116,4,3,3,Power backup (enhanced),FY23 level,1.5
S81_v0.5_1,Stress,Starlink urban expansion,Starlink offers competitive urban data bundles,DataARPU,pct,-1.4109,3,3,2,Satellite strategy,price pressure,0.5
S06_v0.5_1,Shock,Major cyber breach - 5-day MoMo outage,Ransomware locks MoMo platform for 5 days,FIN02,pct,-1.5626,2,5,3,Cyber resilience (enhanced),revenue loss + fines,0.5
S85_v1.0_2,Upside,New data centre investment,MTN builds Tier‑4 data centre,EBITDA,delta,0.2012,4,3,2,Digital infrastructure,cloud revenue,1.0
S11_v0.5_2,Combined,Ghana macro reversal,"IMF suspension, cedi collapse, inflation spike",FIN03,delta,-2.0188,3,5,6,Diversification (enhanced),compound margin impact,0.5
S22_v1.0_2,Stress,Oil price spike - pass-through inflation,"Crude oil +50%, diesel +80%",DieselCost,pct,38.3641,3,3,1,Energy transition (enhanced),FY22 fuel price,1.0
S34_v0.5_1,Shock,MoMo vendor insolvency - forced migration,"MoMo platform vendor goes bankrupt, 15‑day migration",MoMoUsers,pct,-6.1197,2,4,6,Vendor diversification (enhanced),churn,0.5
S16_v1.5_1,Stress,Hyperinflation return - 50%+,"Inflation exceeds 50%, currency crisis deepens",Opex,pct,52.0282,2,5,6,Cost pass-through (enhanced),FY22 extreme,1.5
S56_v0.5_1,Combined,Perfect storm (macro+cyber+regulatory+climate),Worst‑case combined event,SEG03,pct,-17.805,1,5,8,Comprehensive resilience,MoMo wipeout,0.5
S79_v1.0_1,Stress,Mobile termination rate cut,Regulator cuts MTR by 50%,FIN01,pct,-1.5613,4,3,2,Wholesale pricing (enhanced),revenue loss,1.0
S04_v1.0_2,Stress,Sovereign debt freeze,"IMF programme stalls, donors cut aid",WorkingCapital,delta,17.9559,2,4,6,Repatriation planning,FY22 working capital impact,1.0
S17_v1.0_2,Stress,BoG emergency rate hike to 35%,MPC hikes policy rate to 35% in emergency meeting,CapexFinancing,pct,37.2439,2,4,2,Refinancing (enhanced),FY22 rate spike,1.0
S08_v1.5_2,Shock,Major flood - 300+ sites down,Heavy rains damage 300 cell sites across south,Capex,pct,23.6725,2,3,2,Disaster recovery,replacement cost,1.5
S17_v0.5_1,Stress,BoG emergency rate hike to 35%,MPC hikes policy rate to 35% in emergency meeting,Dividend,pct,-30.1165,2,4,2,Refinancing,cash preservation,0.5
S36_v1.0_1,Shock,Subsea cable cut - bandwidth crisis,"International fibre cut, 50% capacity loss for 3 weeks",EnterpriseRevenue,pct,-7.6423,2,3,1,Alternative routing (enhanced),2024 WACS outage,1.0
S19_v1.0_1,Upside,Cedi appreciation +30%,Cedi strengthens 30% on oil windfall,FIN03,delta,3.081,3,3,2,Shareholder returns,FY25 tailwind,1.0
S09_v0.5_1,Shock,Mass data privacy breach,Customer data of 5M users leaked online,Fine,abs,93.6598,2,4,4,Data governance,regulatory penalty,0.5
S34_v1.5_2,Shock,MoMo vendor insolvency - forced migration,"MoMo platform vendor goes bankrupt, 15‑day migration",MoMoUsers,pct,-18.2795,2,4,6,Vendor diversification (enhanced),churn,1.5
S51_v1.0_2,Stress,Labour dispute - extended strike,Union strikes for 4 weeks over pay,Opex,abs,169.5408,2,3,2,Employee relations,FY21 strike cost,1.0
S52_v1.0_1,Upside,5G early mover - enterprise revenue surge,"MTN launches 5G first, grabs enterprise share",EnterpriseRev,pct,26.1167,3,3,4,5G investment,FY26 forecast,1.0
S08_v1.0_2,Shock,Major flood - 300+ sites down,Heavy rains damage 300 cell sites across south,OPS01,pct,-0.8506,2,3,2,Disaster recovery,subscriber disruption,1.0
S20_v1.0_1,Stress,IMF conditionality tightening,"IMF demands higher tariffs, spending cuts",FIN01,pct,-1.7634,3,3,3,Strategic planning,FY23 IMF programme,1.0
S54_v1.5_2,Upside,Ghana GDP 8%+ super-cycle,"Oil & mining boom, GDP growth >8%",OPS04,pct,14.7756,2,3,2,Macro hedging,ARPU uplift,1.5
S10_v1.0_1,Shock,Competitive intensification (ARPU pressure),Price war cuts data tariffs 30% across market,FIN01,pct,-5.5289,3,4,2,Product differentiation,revenue erosion,1.0
S02_v1.5_1,Stress,Inflation resurgence to 25%,CPI hits 25% due to fiscal slippage,FIN03,delta,-4.3342,3,3,2,Cost optimisation,FY22 inflation impact,1.5
S44_v1.5_1,Shock,Bank-led mobile wallet captures MoMo share,Consortium of banks launches unified wallet,MoMoUsers,pct,-22.3711,3,4,3,Fintech partnership,Kenya M-Pesa vs banks,1.5
S12_v0.5_2,Combined,Fintech disruption + regulatory pressure,Bank-led wallets capture MoMo share + e-levy hike,SEG03,pct,-15.95,3,4,4,Fintech strategy (enhanced),industry analysis,0.5
S69_v0.5_2,Stress,MoMo fraud surge +200%,"Fraud losses double, customer trust dips",SEG03,pct,-2.4193,3,3,2,Fraud detection (enhanced),trust erosion,0.5
S53_v1.5_2,Upside,MoMo lending / micro-insurance breakthrough,"MoMo lending scales 5x, insurance attach rate 20%",DigitalRev,pct,119.0507,3,4,4,Fintech growth (enhanced),new revenue,1.5
S29_v0.5_2,Shock,NCA partial licence revocation,NCA revokes MTN's data licence in 2 regions,FIN01,pct,-14.1291,1,5,8,Legal defence,extreme tail risk,0.5
S44_v1.5_2,Shock,Bank-led mobile wallet captures MoMo share,Consortium of banks launches unified wallet,MoMoUsers,pct,-22.433,3,4,3,Fintech partnership (enhanced),Kenya M-Pesa vs banks,1.5
S10_v0.5_2,Shock,Competitive intensification (ARPU pressure),Price war cuts data tariffs 30% across market,OPS01,pct,-1.1262,3,4,2,Product differentiation,subscriber churn,0.5
S38_v1.0_2,Shock,National grid + telecoms cyberattack,State‑sponsored attack on grid and telcos,EmergencyOpex,pct,20.1522,1,5,8,National security,restoration cost,1.0
S09_v1.0_1,Shock,Mass data privacy breach,Customer data of 5M users leaked online,Reputation,delta,-3.0109,2,4,4,Data governance,GDPR analogue,1.0
S10_v1.5_2,Shock,Competitive intensification (ARPU pressure),Price war cuts data tariffs 30% across market,OPS01,pct,-3.5632,3,4,2,Product differentiation,subscriber churn,1.5
S01_v0.5_1,Stress,Cedi devaluation -25%,Cedi drops 25% vs USD over 2 quarters,FIN03,delta,-0.9624,3,4,3,Emergency tariff repricing,FY22 analogue 0.32 elasticity,0.5
S52_v1.0_2,Upside,5G early mover - enterprise revenue surge,"MTN launches 5G first, grabs enterprise share",EnterpriseRev,pct,25.152,3,3,4,5G investment,FY26 forecast,1.0
S38_v1.0_1,Shock,National grid + telecoms cyberattack,State‑sponsored attack on grid and telcos,FIN01,pct,-14.1883,1,5,8,National security,revenue collapse,1.0
S66_v1.5_2,Stress,Tariff floor removal only,"Price floor removed, moderate competition",FIN01,pct,-6.6599,3,3,2,Value stacking (enhanced),Kenya analogue,1.5
S40_v1.5_2,Stress,Telecel aggressive bundle reset,Telecel launches low‑price voice+data bundle,OPS04,pct,-12.5497,4,3,2,Value proposition,competitor analysis,1.5
S05_v0.5_2,Stress,ECG tariff +40%,Power utility raises tariffs 40%,Opex,pct,6.3609,3,3,1,Energy efficiency (enhanced),FY23 tariff hike,0.5
S57_v1.5_2,Stress,Cedi devaluation -15% (mild),Cedi weakens 15% gradually,FIN01,pct,-6.2576,3,2,2,Tariff repricing,0.32 elasticity,1.5
S34_v1.5_1,Shock,MoMo vendor insolvency - forced migration,"MoMo platform vendor goes bankrupt, 15‑day migration",MoMoOutage,delta,23.6619,2,4,6,Vendor diversification (enhanced),service disruption,1.5
S14_v1.5_1,Combined,Reverse-FY25 - all tailwinds vanish,"Cedi weakens, inflation rises, regulatory crackdown",Opex,pct,30.0126,3,5,4,Base case review (enhanced),cost pressure,1.5
S09_v0.5_2,Shock,Mass data privacy breach,Customer data of 5M users leaked online,Fine,abs,99.0821,2,4,4,Data governance (enhanced),regulatory penalty,0.5
S64_v1.0_1,Stress,NCA very large fine GHS 1.2bn,Major anti‑trust fine,Fine,abs,1178.258,2,5,4,Legal reserve,extreme penalty,1.0
S14_v0.5_1,Combined,Reverse-FY25 - all tailwinds vanish,"Cedi weakens, inflation rises, regulatory crackdown",Opex,pct,8.6295,3,5,4,Base case review (enhanced),cost pressure,0.5
S13_v1.5_1,Combined,Network crisis + climate compound,Major outage + flooding + diesel shortage,FIN03,delta,-6.1543,2,5,6,Resilience investment,cost overrun,1.5
S13_v1.5_1,Combined,Network crisis + climate compound,Major outage + flooding + diesel shortage,OPS07,delta,-4.4608,2,5,6,Resilience investment,coverage loss,1.5
S63_v0.5_2,Stress,NCA small fine GHS 100m,Minor compliance fine,Fine,abs,42.9262,4,2,1,Compliance (enhanced),industry norm,0.5
S08_v0.5_1,Shock,Major flood - 300+ sites down,Heavy rains damage 300 cell sites across south,OPS01,pct,-0.4691,2,3,2,Disaster recovery,subscriber disruption,0.5
S90_v1.0_2,Upside,ECG prepaid metering for sites,Better power management reduces diesel use,DieselCost,pct,-4.6777,4,2,2,Energy efficiency,ongoing saving,1.0
S40_v0.5_1,Stress,Telecel aggressive bundle reset,Telecel launches low‑price voice+data bundle,DataShare,delta,-1.1119,4,3,2,Value proposition,market share shift,0.5
S53_v0.5_2,Upside,MoMo lending / micro-insurance breakthrough,"MoMo lending scales 5x, insurance attach rate 20%",DigitalRev,pct,41.6256,3,4,4,Fintech growth,new revenue,0.5
S28_v1.0_1,Stress,BoG MoMo interoperability mandate,Compulsory low‑cost interoperability with banks,SEG03,pct,-14.3523,4,4,2,Fintech platform,Tanzania analogue,1.0
S11_v1.5_2,Combined,Ghana macro reversal,"IMF suspension, cedi collapse, inflation spike",FIN03,delta,-6.3905,3,5,6,Diversification (enhanced),compound margin impact,1.5
S02_v1.5_2,Stress,Inflation resurgence to 25%,CPI hits 25% due to fiscal slippage,Opex,delta,29.9295,3,3,2,Cost optimisation,operating leverage,1.5
S72_v1.5_1,Stress,ECG load-shedding Stage 3 - 3 months,Daily 4‑hour power cuts,DieselOpex,abs,329.2118,4,3,3,Power backup,FY23 level,1.5
S07_v0.5_1,Shock,Spectrum dispute - 4G degradation,"Regulator forces spectrum reallocation, 4G speeds drop",OPS07,delta,-1.3126,2,4,2,Litigation & lobbying,coverage reduction,0.5
S47_v0.5_1,Stress,ECG load-shedding Stage 6 - 6 months,"Daily 8‑hour power cuts, diesel costs quadruple",DieselOpex,abs,379.5532,3,4,4,Alternative power,2024 load-shedding,0.5
S03_v1.0_1,Stress,MoMo e-levy increase to 1.5%,Govt raises e-levy from 1% to 1.5%,FIN01,pct,-1.8877,3,4,2,Pricing strategy,indirect revenue loss,1.0
S75_v1.0_2,Stress,Minor cyber breach - limited data,Small leak of non‑sensitive data,Reputation,delta,-0.4826,4,2,1,Cyber hygiene (enhanced),low impact,1.0
S56_v0.5_2,Combined,Perfect storm (macro+cyber+regulatory+climate),Worst‑case combined event,SEG03,pct,-17.4183,1,5,8,Comprehensive resilience (enhanced),MoMo wipeout,0.5
S32_v1.0_2,Combined,Regulatory storm (spectrum + e-levy + tariff cap),Three major regulatory hits simultaneously,FIN01,pct,-15.2811,2,5,6,Unified response,compound effect,1.0
S31_v0.5_1,Stress,Data Protection Act fine - major enforcement,DPC fines MTN GHS 500m for data breach,Fine,abs,278.9396,3,3,2,Data compliance,DPC enforcement guidelines,0.5
S02_v0.5_1,Stress,Inflation resurgence to 25%,CPI hits 25% due to fiscal slippage,FIN03,delta,-1.5886,3,3,2,Cost optimisation,FY22 inflation impact,0.5
S34_v0.5_2,Shock,MoMo vendor insolvency - forced migration,"MoMo platform vendor goes bankrupt, 15‑day migration",MoMoUsers,pct,-6.7572,2,4,6,Vendor diversification,churn,0.5
S37_v1.0_2,Stress,AI-driven MoMo fraud surge +500%,AI fraud attacks cause massive MoMo losses,FraudLosses,abs,317.0006,3,4,2,AI fraud detection,Kenya fraud trend,1.0
S41_v1.5_2,Shock,New MVNO entry - tech giant,Amazon or Google launches MVNO in Ghana,DataARPU,pct,-22.7161,2,4,3,Strategic partnership,international MVNO impact,1.5
S56_v0.5_2,Combined,Perfect storm (macro+cyber+regulatory+climate),Worst‑case combined event,FIN03,delta,-4.1854,1,5,8,Comprehensive resilience,severe margin,0.5
S22_v0.5_1,Stress,Oil price spike - pass-through inflation,"Crude oil +50%, diesel +80%",GeneratorOpex,pct,15.0669,3,3,1,Energy transition,site costs,0.5
S46_v0.5_2,Stress,Starlink Ghana rural expansion,Starlink launches low‑cost rural satellite broadband,ARPU,delta,-0.2775,3,3,2,Satellite partnership,pricing pressure,0.5
S23_v1.5_2,Shock,BoG FX intervention failure - disorderly devaluation,"Cedi hits 18 GHS/USD, BoG runs out of reserves",USDPayables,pct,37.6777,2,5,6,Hard currency reserves (enhanced),liquidity crisis,1.5
S30_v1.5_1,Shock,SIM re-registration 2.0 - 6-month disruption,"Mandatory new SIM registration, 6‑month process",ActiveSubs,pct,-12.8006,3,4,6,Stakeholder engagement,Nigeria SIM registration,1.5
S15_v0.5_1,Stress,Cedi devaluation -40% (severe),"Cedi plummets 40% in 3 months, BoG intervenes",Capex,pct,-12.4373,2,5,4,Emergency tariff repricing,investment pause,0.5
S41_v1.5_2,Shock,New MVNO entry - tech giant,Amazon or Google launches MVNO in Ghana,Enterprise,pct,-16.2565,2,4,3,Strategic partnership (enhanced),business segment,1.5
S89_v1.0_2,Upside,NCA quality of service bonus,"MTN meets QoS targets, gets fee rebate",FIN03,delta,0.2901,4,2,1,Network investment,rebate income,1.0
S29_v0.5_1,Shock,NCA partial licence revocation,NCA revokes MTN's data licence in 2 regions,GroupWriteDown,delta,0.4986,1,5,8,Legal defence,impairment,0.5
S25_v1.5_2,Stress,NCA universal service levy increase,Levy raised from 1% to 2% of revenue,FIN03,delta,-2.4789,3,3,1,Compliance,margin impact,1.5
S11_v1.0_1,Combined,Ghana macro reversal,"IMF suspension, cedi collapse, inflation spike",FIN01,pct,-12.8636,3,5,6,Diversification (enhanced),compound FY22-FY23,1.0
S01_v0.5_1,Stress,Cedi devaluation -25%,Cedi drops 25% vs USD over 2 quarters,FIN02,pct,-5.9935,3,4,3,Emergency tariff repricing,FY22 analogue 0.32 elasticity,0.5
S61_v0.5_1,Upside,Policy rate cut to 20% (stimulus),BoG cuts rate aggressively,FIN01,pct,0.8865,3,3,2,Debt restructuring,lower borrowing cost,0.5
S45_v0.5_2,Stress,OTT substitution accelerates - voice collapse,WhatsApp voice + video kills traditional voice,VoiceRev,pct,-9.1681,4,3,2,OTT monetisation,global trend,0.5
S04_v0.5_2,Stress,Sovereign debt freeze,"IMF programme stalls, donors cut aid",Dividend,abs,-24.1587,2,4,6,Repatriation planning,FY22 dividend freeze,0.5
S16_v1.0_1,Stress,Hyperinflation return - 50%+,"Inflation exceeds 50%, currency crisis deepens",Opex,pct,33.0408,2,5,6,Cost pass-through (enhanced),FY22 extreme,1.0
S77_v1.0_2,Upside,FX hedging gain (unexpected),Cedi weakens but MTN had hedged,FIN03,delta,0.5684,4,2,1,Hedging strategy,windfall,1.0
S16_v1.0_1,Stress,Hyperinflation return - 50%+,"Inflation exceeds 50%, currency crisis deepens",FIN03,delta,-5.2727,2,5,6,Cost pass-through,operating leverage,1.0
S47_v1.0_2,Stress,ECG load-shedding Stage 6 - 6 months,"Daily 8‑hour power cuts, diesel costs quadruple",SiteAvailability,delta,-3.1353,3,4,4,Alternative power (enhanced),service uptime,1.0
S22_v1.0_1,Stress,Oil price spike - pass-through inflation,"Crude oil +50%, diesel +80%",GeneratorOpex,pct,29.6208,3,3,1,Energy transition (enhanced),site costs,1.0
S50_v0.5_1,Shock,CEO + CFO simultaneous departure,Both top executives resign unexpectedly,SharePrice,pct,-4.5025,2,3,1,Succession planning (enhanced),market reaction,0.5
S71_v0.5_1,Stress,New MVNO niche (youth),Small MVNO takes 2% of prepaid market,OPS01,pct,-0.2534,4,2,2,Segment defence (enhanced),niche loss,0.5
S42_v1.5_1,Stress,AT Ghana recapitalisation,"AirtelTigo gets new investor, aggressive marketing",Churn,pct,3.1852,3,3,2,Marketing efficiency,subscriber retention,1.5
S49_v1.5_2,Stress,Tower equipment supply chain disruption,Huawei sanctions delay tower equipment 6 months,CapexEfficiency,pct,-46.5857,3,3,2,Supplier diversification,global chip shortage,1.5
S51_v0.5_1,Stress,Labour dispute - extended strike,Union strikes for 4 weeks over pay,Opex,abs,70.178,2,3,2,Employee relations,FY21 strike cost,0.5
S30_v0.5_1,Shock,SIM re-registration 2.0 - 6-month disruption,"Mandatory new SIM registration, 6‑month process",DataSubs,pct,-3.1031,3,4,6,Stakeholder engagement,data impact,0.5
S25_v1.0_2,Stress,NCA universal service levy increase,Levy raised from 1% to 2% of revenue,FIN03,delta,-1.4067,3,3,1,Compliance,margin impact,1.0
S51_v1.0_1,Stress,Labour dispute - extended strike,Union strikes for 4 weeks over pay,CustomerService,delta,-0.5094,2,3,2,Employee relations (enhanced),NPS decline,1.0
S54_v0.5_1,Upside,Ghana GDP 8%+ super-cycle,"Oil & mining boom, GDP growth >8%",MoMoVolumes,pct,10.0453,2,3,2,Macro hedging (enhanced),transaction growth,0.5
S23_v1.0_2,Shock,BoG FX intervention failure - disorderly devaluation,"Cedi hits 18 GHS/USD, BoG runs out of reserves",Cedi,delta,-30.7912,2,5,6,Hard currency reserves,FY22 disorderly,1.0
S27_v1.5_1,Stress,Parliament social tariff floor,"Minimum data price floor removed, intense price war",FIN01,pct,-7.501,3,4,2,Pricing strategy,Kenya precedent,1.5
S05_v1.0_1,Stress,ECG tariff +40%,Power utility raises tariffs 40%,Opex,pct,13.3467,3,3,1,Energy efficiency,FY23 tariff hike,1.0
S76_v1.5_2,Stress,Shareholder dividend pressure,Activist investors demand higher payout,Dividend,delta,0.7318,3,3,2,Capital allocation,no direct KPI,1.5
S32_v1.0_1,Combined,Regulatory storm (spectrum + e-levy + tariff cap),Three major regulatory hits simultaneously,Capex,pct,19.0195,2,5,6,Unified response (enhanced),forced investment,1.0
S63_v1.0_2,Stress,NCA small fine GHS 100m,Minor compliance fine,Fine,abs,87.2424,4,2,1,Compliance (enhanced),industry norm,1.0
S07_v0.5_1,Shock,Spectrum dispute - 4G degradation,"Regulator forces spectrum reallocation, 4G speeds drop",DataUsage,pct,-7.7839,2,4,2,Litigation & lobbying (enhanced),user experience decline,0.5
S27_v1.0_2,Stress,Parliament social tariff floor,"Minimum data price floor removed, intense price war",ARPU,delta,-3.0361,3,4,2,Pricing strategy,revenue per user,1.0
S06_v1.5_2,Shock,Major cyber breach - 5-day MoMo outage,Ransomware locks MoMo platform for 5 days,SEG03,pct,-19.1258,2,5,3,Cyber resilience,industry benchmark,1.5
S83_v1.0_1,Stress,Diesel tax rebate,Govt removes fuel tax for telcos,FIN03,delta,0.543,4,2,1,Government relations,benefit,1.0
S74_v1.0_1,Stress,Labour dispute - 1 week strike,"Short strike, minimal impact",Opex,abs,52.6903,4,2,1,Labour relations,small cost,1.0
S86_v1.5_1,Upside,Green energy subsidy,Govt subsidises solar for cell sites,FIN03,delta,0.6814,4,2,2,Solar investment,operating cost,1.5
S49_v1.0_1,Stress,Tower equipment supply chain disruption,Huawei sanctions delay tower equipment 6 months,RolloutDelay,delta,2.0196,3,3,2,Supplier diversification (enhanced),quarters,1.0
S01_v1.5_2,Stress,Cedi devaluation -25%,Cedi drops 25% vs USD over 2 quarters,FIN03,delta,-3.0754,3,4,3,Emergency tariff repricing,FY22 analogue 0.32 elasticity,1.5
S26_v0.5_1,Stress,Spectrum refarming forced at cost,Refarming 2G/3G to 4G/5G at NCA's cost,Capex,abs,423.0935,3,3,3,Network planning,MTN SA refarming cost,0.5
S41_v0.5_2,Shock,New MVNO entry - tech giant,Amazon or Google launches MVNO in Ghana,Enterprise,pct,-4.3326,2,4,3,Strategic partnership (enhanced),business segment,0.5
S64_v1.5_2,Stress,NCA very large fine GHS 1.2bn,Major anti‑trust fine,Fine,abs,1760.9582,2,5,4,Legal reserve,extreme penalty,1.5
S03_v0.5_1,Stress,MoMo e-levy increase to 1.5%,Govt raises e-levy from 1% to 1.5%,SEG03,pct,-12.8616,3,4,2,Pricing strategy (enhanced),Q2 2022 e-levy impact,0.5
S10_v1.5_2,Shock,Competitive intensification (ARPU pressure),Price war cuts data tariffs 30% across market,FIN01,pct,-8.7226,3,4,2,Product differentiation,revenue erosion,1.5
S27_v1.0_1,Stress,Parliament social tariff floor,"Minimum data price floor removed, intense price war",ARPU,delta,-3.0274,3,4,2,Pricing strategy,revenue per user,1.0
S60_v1.5_2,Stress,Inflation 35% (severe),CPI hits 35% after currency crisis,Opex,pct,36.3011,2,5,3,Price elasticity,cost pass-through,1.5
S28_v0.5_1,Stress,BoG MoMo interoperability mandate,Compulsory low‑cost interoperability with banks,FeeYield,pct,-16.235,4,4,2,Fintech platform,revenue erosion,0.5
S37_v1.5_1,Stress,AI-driven MoMo fraud surge +500%,AI fraud attacks cause massive MoMo losses,FraudLosses,abs,403.909,3,4,2,AI fraud detection (enhanced),Kenya fraud trend,1.5
S77_v0.5_1,Upside,FX hedging gain (unexpected),Cedi weakens but MTN had hedged,FIN03,delta,0.2289,4,2,1,Hedging strategy (enhanced),windfall,0.5
S87_v1.5_1,Upside,Currency swap agreement (China),Direct GHS/CNY settlement reduces USD exposure,FXCost,delta,-0.3233,4,3,2,Innovative hedging,lower cost,1.5
S82_v1.0_1,Upside,AI customer service breakthrough,AI reduces call centre costs 30%,FIN03,delta,1.9505,4,3,2,Automation investment (enhanced),cost reduction,1.0
S49_v1.0_2,Stress,Tower equipment supply chain disruption,Huawei sanctions delay tower equipment 6 months,RolloutDelay,delta,2.0869,3,3,2,Supplier diversification (enhanced),quarters,1.0
S15_v1.5_2,Stress,Cedi devaluation -40% (severe),"Cedi plummets 40% in 3 months, BoG intervenes",FIN02,pct,-26.6878,2,5,4,Emergency tariff repricing (enhanced),EBITDA erosion,1.5
S19_v1.5_2,Upside,Cedi appreciation +30%,Cedi strengthens 30% on oil windfall,USDOpex,pct,-25.5176,3,3,2,Shareholder returns (enhanced),cost relief,1.5
S01_v1.0_2,Stress,Cedi devaluation -25%,Cedi drops 25% vs USD over 2 quarters,OPS04,pct,-15.1331,3,4,3,Emergency tariff repricing,FY22 analogue 0.32 elasticity,1.0
S64_v1.0_1,Stress,NCA very large fine GHS 1.2bn,Major anti‑trust fine,FIN03,delta,-4.0214,2,5,4,Legal reserve (enhanced),EBITDA reduction,1.0
S19_v0.5_1,Upside,Cedi appreciation +30%,Cedi strengthens 30% on oil windfall,FIN03,delta,1.5104,3,3,2,Shareholder returns,FY25 tailwind,0.5
S61_v0.5_2,Upside,Policy rate cut to 20% (stimulus),BoG cuts rate aggressively,FIN01,pct,0.8591,3,3,2,Debt restructuring,lower borrowing cost,0.5
S14_v0.5_1,Combined,Reverse-FY25 - all tailwinds vanish,"Cedi weakens, inflation rises, regulatory crackdown",FIN01,pct,-2.938,3,5,4,Base case review,FY22 data,0.5
S11_v1.5_2,Combined,Ghana macro reversal,"IMF suspension, cedi collapse, inflation spike",FIN01,pct,-17.1933,3,5,6,Diversification (enhanced),compound FY22-FY23,1.5
S06_v1.0_2,Shock,Major cyber breach - 5-day MoMo outage,Ransomware locks MoMo platform for 5 days,Reputation,delta,-2.1259,2,5,3,Cyber resilience (enhanced),qualitative,1.0
S34_v1.5_2,Shock,MoMo vendor insolvency - forced migration,"MoMo platform vendor goes bankrupt, 15‑day migration",EmergencyCapex,abs,1821.1268,2,4,6,Vendor diversification (enhanced),industry risk,1.5
S01_v1.5_1,Stress,Cedi devaluation -25%,Cedi drops 25% vs USD over 2 quarters,FIN02,pct,-16.0874,3,4,3,Emergency tariff repricing (enhanced),FY22 analogue 0.32 elasticity,1.5
S21_v1.0_1,Stress,Cocoa/commodity crash - fiscal squeeze,"Cocoa prices fall 40%, export revenues drop",MoMoVolumes,pct,-8.1792,3,3,2,FX hedging,transaction value,1.0
S54_v1.0_2,Upside,Ghana GDP 8%+ super-cycle,"Oil & mining boom, GDP growth >8%",OPS04,pct,8.9505,2,3,2,Macro hedging,ARPU uplift,1.0
S73_v1.0_2,Stress,Localised flood - 50 sites down,Regional flooding affects 50 towers,FIN01,pct,-0.2837,4,2,1,Local resilience,short outage,1.0
S56_v0.5_1,Combined,Perfect storm (macro+cyber+regulatory+climate),Worst‑case combined event,Dividend,abs,0.0431,1,5,8,Comprehensive resilience,suspended,0.5
S20_v1.5_1,Stress,IMF conditionality tightening,"IMF demands higher tariffs, spending cuts",FIN01,pct,-3.1519,3,3,3,Strategic planning (enhanced),FY23 IMF programme,1.5
S28_v1.5_2,Stress,BoG MoMo interoperability mandate,Compulsory low‑cost interoperability with banks,FeeYield,pct,-40.3935,4,4,2,Fintech platform,revenue erosion,1.5
S43_v1.5_1,Stress,Price war - all operators cut data 40%,"Industry‑wide data price war, 40% cuts",FIN01,pct,-17.9324,3,4,2,Cost leadership,2018 price war,1.5
S69_v1.0_1,Stress,MoMo fraud surge +200%,"Fraud losses double, customer trust dips",SEG03,pct,-4.618,3,3,2,Fraud detection,trust erosion,1.0
S12_v1.5_2,Combined,Fintech disruption + regulatory pressure,Bank-led wallets capture MoMo share + e-levy hike,FIN02,pct,-8.4032,3,4,4,Fintech strategy (enhanced),earnings impact,1.5
S51_v1.5_1,Stress,Labour dispute - extended strike,Union strikes for 4 weeks over pay,Opex,abs,214.5297,2,3,2,Employee relations,FY21 strike cost,1.5
S06_v1.0_2,Shock,Major cyber breach - 5-day MoMo outage,Ransomware locks MoMo platform for 5 days,FIN02,pct,-3.0557,2,5,3,Cyber resilience (enhanced),revenue loss + fines,1.0
S44_v0.5_1,Shock,Bank-led mobile wallet captures MoMo share,Consortium of banks launches unified wallet,MoMoUsers,pct,-7.307,3,4,3,Fintech partnership (enhanced),Kenya M-Pesa vs banks,0.5
S04_v1.0_1,Stress,Sovereign debt freeze,"IMF programme stalls, donors cut aid",WorkingCapital,delta,15.0723,2,4,6,Repatriation planning,FY22 working capital impact,1.0
S50_v0.5_2,Shock,CEO + CFO simultaneous departure,Both top executives resign unexpectedly,StrategyRisk,delta,0.5166,2,3,1,Succession planning,execution,0.5
S16_v1.0_1,Stress,Hyperinflation return - 50%+,"Inflation exceeds 50%, currency crisis deepens",OPS01,pct,-3.758,2,5,6,Cost pass-through,reduced affordability,1.0
S65_v1.0_2,Stress,Tariff cap -15% (mild),Data price cap at 0.65 GHS/GB,FIN01,pct,-2.9914,4,2,2,Pricing agility,partial cap,1.0
S29_v1.0_1,Shock,NCA partial licence revocation,NCA revokes MTN's data licence in 2 regions,FIN01,pct,-28.5324,1,5,8,Legal defence,extreme tail risk,1.0
S09_v1.0_2,Shock,Mass data privacy breach,Customer data of 5M users leaked online,Churn,pct,5.413,2,4,4,Data governance,customer flight,1.0
S05_v1.0_2,Stress,ECG tariff +40%,Power utility raises tariffs 40%,Opex,pct,10.6542,3,3,1,Energy efficiency,FY23 tariff hike,1.0
S58_v1.0_1,Stress,Cedi devaluation -50% (extreme),"Cedi loses 50% in 6 months, hyperinflation",OPS04,pct,-31.5722,1,6,8,Contingency planning (enhanced),ARPU halved,1.0
S40_v1.5_1,Stress,Telecel aggressive bundle reset,Telecel launches low‑price voice+data bundle,OPS04,pct,-11.4517,4,3,2,Value proposition,competitor analysis,1.5
S29_v1.0_1,Shock,NCA partial licence revocation,NCA revokes MTN's data licence in 2 regions,GroupWriteDown,delta,1.0566,1,5,8,Legal defence (enhanced),impairment,1.0
S11_v1.0_1,Combined,Ghana macro reversal,"IMF suspension, cedi collapse, inflation spike",OPS01,pct,-2.5648,3,5,6,Diversification (enhanced),population impact,1.0
S16_v0.5_2,Stress,Hyperinflation return - 50%+,"Inflation exceeds 50%, currency crisis deepens",Opex,pct,17.5494,2,5,6,Cost pass-through (enhanced),FY22 extreme,0.5
S14_v1.0_1,Combined,Reverse-FY25 - all tailwinds vanish,"Cedi weakens, inflation rises, regulatory crackdown",Opex,pct,19.8167,3,5,4,Base case review,cost pressure,1.0
S32_v0.5_2,Combined,Regulatory storm (spectrum + e-levy + tariff cap),Three major regulatory hits simultaneously,SEG03,pct,-15.4589,2,5,6,Unified response,MoMo collapse,0.5
S85_v0.5_2,Upside,New data centre investment,MTN builds Tier‑4 data centre,EBITDA,delta,0.0942,4,3,2,Digital infrastructure,cloud revenue,0.5
S38_v0.5_2,Shock,National grid + telecoms cyberattack,State‑sponsored attack on grid and telcos,FIN01,pct,-7.9254,1,5,8,National security,revenue collapse,0.5
S07_v1.0_2,Shock,Spectrum dispute - 4G degradation,"Regulator forces spectrum reallocation, 4G speeds drop",DataUsage,pct,-13.1822,2,4,2,Litigation & lobbying,user experience decline,1.0
S67_v0.5_2,Upside,5G auction win - MTN leads,MTN wins 5G spectrum cheaply,DataShare,delta,0.9361,4,3,3,5G leadership,competitive advantage,0.5
S33_v1.0_1,Shock,Ransomware - core network 10-day outage,"Full network outage due to ransomware, 10 days",OPS01,pct,-5.2728,1,5,4,Cyber insurance,subscriber loss,1.0
S54_v0.5_2,Upside,Ghana GDP 8%+ super-cycle,"Oil & mining boom, GDP growth >8%",MoMoVolumes,pct,10.4238,2,3,2,Macro hedging,transaction growth,0.5
S70_v1.5_2,Stress,Telecel mild price promotion,10% discount on weekend calls,OPS04,pct,-1.4576,4,2,1,Retention campaigns (enhanced),minor churn,1.5
S08_v0.5_1,Shock,Major flood - 300+ sites down,Heavy rains damage 300 cell sites across south,Capex,pct,7.809,2,3,2,Disaster recovery (enhanced),replacement cost,0.5
S07_v1.0_1,Shock,Spectrum dispute - 4G degradation,"Regulator forces spectrum reallocation, 4G speeds drop",DataUsage,pct,-13.9838,2,4,2,Litigation & lobbying (enhanced),user experience decline,1.0
S31_v1.5_2,Stress,Data Protection Act fine - major enforcement,DPC fines MTN GHS 500m for data breach,Fine,abs,813.9288,3,3,2,Data compliance (enhanced),DPC enforcement guidelines,1.5
S56_v0.5_1,Combined,Perfect storm (macro+cyber+regulatory+climate),Worst‑case combined event,FIN03,delta,-3.9951,1,5,8,Comprehensive resilience,severe margin,0.5
S03_v1.0_2,Stress,MoMo e-levy increase to 1.5%,Govt raises e-levy from 1% to 1.5%,FIN01,pct,-1.9476,3,4,2,Pricing strategy,indirect revenue loss,1.0
S41_v1.0_2,Shock,New MVNO entry - tech giant,Amazon or Google launches MVNO in Ghana,Enterprise,pct,-11.2592,2,4,3,Strategic partnership,business segment,1.0
S54_v1.5_2,Upside,Ghana GDP 8%+ super-cycle,"Oil & mining boom, GDP growth >8%",MoMoVolumes,pct,31.4398,2,3,2,Macro hedging,transaction growth,1.5
S82_v1.0_2,Upside,AI customer service breakthrough,AI reduces call centre costs 30%,FIN03,delta,1.8797,4,3,2,Automation investment,cost reduction,1.0
S22_v1.0_2,Stress,Oil price spike - pass-through inflation,"Crude oil +50%, diesel +80%",GeneratorOpex,pct,28.9755,3,3,1,Energy transition,site costs,1.0
S15_v1.5_1,Stress,Cedi devaluation -40% (severe),"Cedi plummets 40% in 3 months, BoG intervenes",Capex,pct,-37.1789,2,5,4,Emergency tariff repricing,investment pause,1.5
S03_v1.5_1,Stress,MoMo e-levy increase to 1.5%,Govt raises e-levy from 1% to 1.5%,SEG03,pct,-37.7611,3,4,2,Pricing strategy,Q2 2022 e-levy impact,1.5
S21_v0.5_2,Stress,Cocoa/commodity crash - fiscal squeeze,"Cocoa prices fall 40%, export revenues drop",GDP,delta,-0.9217,3,3,2,FX hedging,FY23 cocoa shock,0.5
S12_v1.0_2,Combined,Fintech disruption + regulatory pressure,Bank-led wallets capture MoMo share + e-levy hike,SEG03,pct,-27.8466,3,4,4,Fintech strategy,industry analysis,1.0
S07_v0.5_1,Shock,Spectrum dispute - 4G degradation,"Regulator forces spectrum reallocation, 4G speeds drop",FIN01,pct,-3.9215,2,4,2,Litigation & lobbying,MTN Nigeria precedent,0.5
S69_v1.0_2,Stress,MoMo fraud surge +200%,"Fraud losses double, customer trust dips",SEG03,pct,-5.1694,3,3,2,Fraud detection,trust erosion,1.0
S64_v0.5_1,Stress,NCA very large fine GHS 1.2bn,Major anti‑trust fine,FIN03,delta,-1.6121,2,5,4,Legal reserve,EBITDA reduction,0.5
S56_v1.0_2,Combined,Perfect storm (macro+cyber+regulatory+climate),Worst‑case combined event,SEG03,pct,-43.3277,1,5,8,Comprehensive resilience,MoMo wipeout,1.0
S59_v1.0_1,Stress,Inflation 15% (moderate),CPI rises to 15% on food prices,FIN03,delta,-1.548,3,2,1,Cost control (enhanced),FY23 average,1.0
S15_v1.5_2,Stress,Cedi devaluation -40% (severe),"Cedi plummets 40% in 3 months, BoG intervenes",OPS04,pct,-34.6804,2,5,4,Emergency tariff repricing,ARPU collapse,1.5
S60_v1.5_2,Stress,Inflation 35% (severe),CPI hits 35% after currency crisis,FIN03,delta,-6.4207,2,5,3,Price elasticity,FY22 extreme,1.5
S29_v1.5_2,Shock,NCA partial licence revocation,NCA revokes MTN's data licence in 2 regions,SubscriberExodus,pct,-28.3124,1,5,8,Legal defence,market loss,1.5
S55_v0.5_1,Upside,Cedi appreciation +40%,Cedi appreciates 40% on structural reforms,FIN03,delta,1.9658,2,4,3,Currency management,FY25 magnitude,0.5
S17_v1.5_1,Stress,BoG emergency rate hike to 35%,MPC hikes policy rate to 35% in emergency meeting,Dividend,pct,-85.8472,2,4,2,Refinancing,cash preservation,1.5
S20_v1.5_2,Stress,IMF conditionality tightening,"IMF demands higher tariffs, spending cuts",FIN01,pct,-3.545,3,3,3,Strategic planning (enhanced),FY23 IMF programme,1.5
S47_v0.5_2,Stress,ECG load-shedding Stage 6 - 6 months,"Daily 8‑hour power cuts, diesel costs quadruple",FIN03,delta,-1.2219,3,4,4,Alternative power,margin impact,0.5
S18_v0.5_2,Stress,Ghana sovereign downgrade to junk,"Moody's cuts Ghana to Caa1, foreign debt frozen",RiskPremium,delta,216.7696,2,4,6,Onshore reinvestment,sovereign spread,0.5
S09_v1.5_2,Shock,Mass data privacy breach,Customer data of 5M users leaked online,Fine,abs,284.3201,2,4,4,Data governance (enhanced),regulatory penalty,1.5
S08_v1.5_1,Shock,Major flood - 300+ sites down,Heavy rains damage 300 cell sites across south,FIN01,pct,-3.2599,2,3,2,Disaster recovery,FY21 flooding impact,1.5
S63_v1.0_1,Stress,NCA small fine GHS 100m,Minor compliance fine,FIN03,delta,-0.4759,4,2,1,Compliance,one‑off impact,1.0
S67_v0.5_1,Upside,5G auction win - MTN leads,MTN wins 5G spectrum cheaply,DataARPU,pct,0.803,4,3,3,5G leadership,premium pricing,0.5
S03_v1.0_1,Stress,MoMo e-levy increase to 1.5%,Govt raises e-levy from 1% to 1.5%,OPS01,pct,-14.0298,3,4,2,Pricing strategy (enhanced),user decline observed,1.0
S21_v1.5_2,Stress,Cocoa/commodity crash - fiscal squeeze,"Cocoa prices fall 40%, export revenues drop",GDP,delta,-3.4504,3,3,2,FX hedging,FY23 cocoa shock,1.5
S84_v0.5_1,Stress,Removal of roaming surcharge,ECOWAS free roaming enforced,FIN01,pct,-0.1532,4,2,1,Regional negotiation,small erosion,0.5
S09_v1.5_1,Shock,Mass data privacy breach,Customer data of 5M users leaked online,Reputation,delta,-3.7709,2,4,4,Data governance (enhanced),GDPR analogue,1.5
S31_v1.0_1,Stress,Data Protection Act fine - major enforcement,DPC fines MTN GHS 500m for data breach,Fine,abs,510.682,3,3,2,Data compliance,DPC enforcement guidelines,1.0
S45_v1.5_2,Stress,OTT substitution accelerates - voice collapse,WhatsApp voice + video kills traditional voice,SMSRev,pct,-40.8732,4,3,2,OTT monetisation,declining usage,1.5
S26_v1.0_2,Stress,Spectrum refarming forced at cost,Refarming 2G/3G to 4G/5G at NCA's cost,Capex,abs,831.32,3,3,3,Network planning,MTN SA refarming cost,1.0
S50_v1.5_1,Shock,CEO + CFO simultaneous departure,Both top executives resign unexpectedly,StrategyRisk,delta,1.4331,2,3,1,Succession planning,execution,1.5
S19_v1.0_1,Upside,Cedi appreciation +30%,Cedi strengthens 30% on oil windfall,FIN01,pct,10.4617,3,3,2,Shareholder returns (enhanced),FY25 tailwind,1.0
S01_v0.5_2,Stress,Cedi devaluation -25%,Cedi drops 25% vs USD over 2 quarters,FIN02,pct,-5.4923,3,4,3,Emergency tariff repricing (enhanced),FY22 analogue 0.32 elasticity,0.5
S65_v1.0_2,Stress,Tariff cap -15% (mild),Data price cap at 0.65 GHS/GB,DataARPU,pct,-1.456,4,2,2,Pricing agility,revenue loss,1.0
S64_v0.5_1,Stress,NCA very large fine GHS 1.2bn,Major anti‑trust fine,Fine,abs,595.1926,2,5,4,Legal reserve,extreme penalty,0.5
S65_v1.0_1,Stress,Tariff cap -15% (mild),Data price cap at 0.65 GHS/GB,DataARPU,pct,-1.5212,4,2,2,Pricing agility,revenue loss,1.0
S26_v1.5_2,Stress,Spectrum refarming forced at cost,Refarming 2G/3G to 4G/5G at NCA's cost,OPS07,delta,-2.6997,3,3,3,Network planning (enhanced),coverage gap,1.5
S36_v1.0_2,Shock,Subsea cable cut - bandwidth crisis,"International fibre cut, 50% capacity loss for 3 weeks",EnterpriseRevenue,pct,-8.2414,2,3,1,Alternative routing,2024 WACS outage,1.0
S79_v0.5_2,Stress,Mobile termination rate cut,Regulator cuts MTR by 50%,FIN01,pct,-0.7907,4,3,2,Wholesale pricing,revenue loss,0.5
S02_v1.0_1,Stress,Inflation resurgence to 25%,CPI hits 25% due to fiscal slippage,Opex,delta,17.31,3,3,2,Cost optimisation,operating leverage,1.0
S11_v0.5_2,Combined,Ghana macro reversal,"IMF suspension, cedi collapse, inflation spike",FIN01,pct,-6.4078,3,5,6,Diversification,compound FY22-FY23,0.5
S15_v1.5_2,Stress,Cedi devaluation -40% (severe),"Cedi plummets 40% in 3 months, BoG intervenes",FIN01,pct,-23.1465,2,5,4,Emergency tariff repricing,FY22 0.32 elasticity compounded,1.5
S68_v1.0_1,Stress,Subsea cable cut - minor 1 week,"Single fibre cut, 10% capacity loss",FIN01,pct,-0.5027,4,2,1,Redundancy planning,limited impact,1.0
S54_v1.5_1,Upside,Ghana GDP 8%+ super-cycle,"Oil & mining boom, GDP growth >8%",OPS04,pct,14.2686,2,3,2,Macro hedging,ARPU uplift,1.5
S60_v1.0_1,Stress,Inflation 35% (severe),CPI hits 35% after currency crisis,Opex,pct,23.225,2,5,3,Price elasticity,cost pass-through,1.0
S73_v0.5_1,Stress,Localised flood - 50 sites down,Regional flooding affects 50 towers,FIN01,pct,-0.1605,4,2,1,Local resilience,short outage,0.5
S09_v1.5_1,Shock,Mass data privacy breach,Customer data of 5M users leaked online,Churn,pct,8.2601,2,4,4,Data governance,customer flight,1.5
S44_v1.0_1,Shock,Bank-led mobile wallet captures MoMo share,Consortium of banks launches unified wallet,SEG03,pct,-21.4661,3,4,3,Fintech partnership,revenue loss,1.0
S46_v1.0_1,Stress,Starlink Ghana rural expansion,Starlink launches low‑cost rural satellite broadband,ARPU,delta,-0.4931,3,3,2,Satellite partnership,pricing pressure,1.0
S16_v1.5_2,Stress,Hyperinflation return - 50%+,"Inflation exceeds 50%, currency crisis deepens",OPS01,pct,-5.4809,2,5,6,Cost pass-through (enhanced),reduced affordability,1.5
S43_v0.5_2,Stress,Price war - all operators cut data 40%,"Industry‑wide data price war, 40% cuts",FIN03,delta,-1.7947,3,4,2,Cost leadership (enhanced),EBITDA margin,0.5
S61_v1.0_2,Upside,Policy rate cut to 20% (stimulus),BoG cuts rate aggressively,FIN01,pct,2.202,3,3,2,Debt restructuring,lower borrowing cost,1.0
S38_v1.5_2,Shock,National grid + telecoms cyberattack,State‑sponsored attack on grid and telcos,EmergencyOpex,pct,38.7764,1,5,8,National security,restoration cost,1.5
S59_v1.0_2,Stress,Inflation 15% (moderate),CPI rises to 15% on food prices,FIN01,pct,-2.061,3,2,1,Cost control (enhanced),revenue drag,1.0
S01_v1.5_2,Stress,Cedi devaluation -25%,Cedi drops 25% vs USD over 2 quarters,OPS04,pct,-21.975,3,4,3,Emergency tariff repricing,FY22 analogue 0.32 elasticity,1.5
S08_v0.5_2,Shock,Major flood - 300+ sites down,Heavy rains damage 300 cell sites across south,Capex,pct,7.8083,2,3,2,Disaster recovery (enhanced),replacement cost,0.5
S19_v1.5_1,Upside,Cedi appreciation +30%,Cedi strengthens 30% on oil windfall,FIN01,pct,15.4454,3,3,2,Shareholder returns (enhanced),FY25 tailwind,1.5
S15_v1.0_2,Stress,Cedi devaluation -40% (severe),"Cedi plummets 40% in 3 months, BoG intervenes",FIN02,pct,-21.1481,2,5,4,Emergency tariff repricing (enhanced),EBITDA erosion,1.0
S53_v1.0_2,Upside,MoMo lending / micro-insurance breakthrough,"MoMo lending scales 5x, insurance attach rate 20%",DigitalRev,pct,95.9552,3,4,4,Fintech growth,new revenue,1.0
S88_v0.5_2,Stress,MTN Group cross‑guarantee,"Parent guarantees Ghana debt, improves credit",CreditSpread,delta,-53.6766,4,2,2,Group treasury (enhanced),debt cost down,0.5
S11_v1.5_1,Combined,Ghana macro reversal,"IMF suspension, cedi collapse, inflation spike",OPS01,pct,-3.5045,3,5,6,Diversification,population impact,1.5
S07_v0.5_2,Shock,Spectrum dispute - 4G degradation,"Regulator forces spectrum reallocation, 4G speeds drop",DataUsage,pct,-7.4563,2,4,2,Litigation & lobbying (enhanced),user experience decline,0.5
S50_v0.5_2,Shock,CEO + CFO simultaneous departure,Both top executives resign unexpectedly,SharePrice,pct,-4.7228,2,3,1,Succession planning,market reaction,0.5
S42_v0.5_1,Stress,AT Ghana recapitalisation,"AirtelTigo gets new investor, aggressive marketing",SubsGrowth,delta,-1.6294,3,3,2,Marketing efficiency (enhanced),historical precedent,0.5
S11_v0.5_1,Combined,Ghana macro reversal,"IMF suspension, cedi collapse, inflation spike",FIN03,delta,-1.9967,3,5,6,Diversification,compound margin impact,0.5
S17_v0.5_2,Stress,BoG emergency rate hike to 35%,MPC hikes policy rate to 35% in emergency meeting,Dividend,pct,-28.0057,2,4,2,Refinancing (enhanced),cash preservation,0.5
S61_v1.0_1,Upside,Policy rate cut to 20% (stimulus),BoG cuts rate aggressively,FIN01,pct,1.7559,3,3,2,Debt restructuring (enhanced),lower borrowing cost,1.0
S71_v1.0_2,Stress,New MVNO niche (youth),Small MVNO takes 2% of prepaid market,OPS01,pct,-0.4953,4,2,2,Segment defence,niche loss,1.0
S58_v0.5_1,Stress,Cedi devaluation -50% (extreme),"Cedi loses 50% in 6 months, hyperinflation",FIN03,delta,-2.9124,1,6,8,Contingency planning (enhanced),margin collapse,0.5
S73_v0.5_2,Stress,Localised flood - 50 sites down,Regional flooding affects 50 towers,FIN01,pct,-0.1338,4,2,1,Local resilience,short outage,0.5
S66_v0.5_2,Stress,Tariff floor removal only,"Price floor removed, moderate competition",FIN01,pct,-2.1446,3,3,2,Value stacking,Kenya analogue,0.5
S34_v0.5_2,Shock,MoMo vendor insolvency - forced migration,"MoMo platform vendor goes bankrupt, 15‑day migration",EmergencyCapex,abs,624.3492,2,4,6,Vendor diversification,industry risk,0.5
S23_v0.5_1,Shock,BoG FX intervention failure - disorderly devaluation,"Cedi hits 18 GHS/USD, BoG runs out of reserves",Cedi,delta,-15.6941,2,5,6,Hard currency reserves (enhanced),FY22 disorderly,0.5
S03_v1.0_2,Stress,MoMo e-levy increase to 1.5%,Govt raises e-levy from 1% to 1.5%,SEG03,pct,-28.1293,3,4,2,Pricing strategy,Q2 2022 e-levy impact,1.0
S82_v0.5_1,Upside,AI customer service breakthrough,AI reduces call centre costs 30%,FIN03,delta,1.0066,4,3,2,Automation investment,cost reduction,0.5
S10_v0.5_2,Shock,Competitive intensification (ARPU pressure),Price war cuts data tariffs 30% across market,OPS04,pct,-6.3718,3,4,2,Product differentiation,FY19 competition,0.5
S65_v0.5_1,Stress,Tariff cap -15% (mild),Data price cap at 0.65 GHS/GB,DataARPU,pct,-0.6891,4,2,2,Pricing agility (enhanced),revenue loss,0.5
S10_v1.0_2,Shock,Competitive intensification (ARPU pressure),Price war cuts data tariffs 30% across market,OPS01,pct,-2.6177,3,4,2,Product differentiation (enhanced),subscriber churn,1.0
S01_v1.5_1,Stress,Cedi devaluation -25%,Cedi drops 25% vs USD over 2 quarters,OPS04,pct,-21.4189,3,4,3,Emergency tariff repricing,FY22 analogue 0.32 elasticity,1.5
S33_v0.5_2,Shock,Ransomware - core network 10-day outage,"Full network outage due to ransomware, 10 days",OPS01,pct,-2.3938,1,5,4,Cyber insurance,subscriber loss,0.5
S03_v0.5_1,Stress,MoMo e-levy increase to 1.5%,Govt raises e-levy from 1% to 1.5%,OPS01,pct,-7.3682,3,4,2,Pricing strategy,user decline observed,0.5
S11_v1.5_2,Combined,Ghana macro reversal,"IMF suspension, cedi collapse, inflation spike",OPS01,pct,-4.3777,3,5,6,Diversification,population impact,1.5
S70_v1.5_1,Stress,Telecel mild price promotion,10% discount on weekend calls,OPS04,pct,-1.5233,4,2,1,Retention campaigns,minor churn,1.5
S33_v1.5_2,Shock,Ransomware - core network 10-day outage,"Full network outage due to ransomware, 10 days",OPS01,pct,-8.1652,1,5,4,Cyber insurance (enhanced),subscriber loss,1.5
S55_v1.5_2,Upside,Cedi appreciation +40%,Cedi appreciates 40% on structural reforms,FIN03,delta,5.8548,2,4,3,Currency management,FY25 magnitude,1.5
S55_v1.5_2,Upside,Cedi appreciation +40%,Cedi appreciates 40% on structural reforms,FXGain,delta,1.473,2,4,3,Currency management,net assets,1.5
S32_v0.5_1,Combined,Regulatory storm (spectrum + e-levy + tariff cap),Three major regulatory hits simultaneously,FIN01,pct,-6.8975,2,5,6,Unified response,compound effect,0.5
S16_v0.5_2,Stress,Hyperinflation return - 50%+,"Inflation exceeds 50%, currency crisis deepens",OPS01,pct,-1.8471,2,5,6,Cost pass-through,reduced affordability,0.5
S58_v0.5_1,Stress,Cedi devaluation -50% (extreme),"Cedi loses 50% in 6 months, hyperinflation",FIN01,pct,-9.3282,1,6,8,Contingency planning,elasticity extrapolation,0.5
S70_v1.0_2,Stress,Telecel mild price promotion,10% discount on weekend calls,OPS04,pct,-1.2072,4,2,1,Retention campaigns (enhanced),minor churn,1.0
S14_v1.0_2,Combined,Reverse-FY25 - all tailwinds vanish,"Cedi weakens, inflation rises, regulatory crackdown",FIN01,pct,-4.7897,3,5,4,Base case review,FY22 data,1.0
S02_v1.0_1,Stress,Inflation resurgence to 25%,CPI hits 25% due to fiscal slippage,FIN03,delta,-2.9722,3,3,2,Cost optimisation,FY22 inflation impact,1.0
S63_v1.5_1,Stress,NCA small fine GHS 100m,Minor compliance fine,Fine,abs,156.1632,4,2,1,Compliance,industry norm,1.5
S29_v1.5_2,Shock,NCA partial licence revocation,NCA revokes MTN's data licence in 2 regions,FIN01,pct,-48.7931,1,5,8,Legal defence,extreme tail risk,1.5
S86_v1.0_1,Upside,Green energy subsidy,Govt subsidises solar for cell sites,FIN03,delta,0.5381,4,2,2,Solar investment (enhanced),operating cost,1.0
S22_v1.5_1,Stress,Oil price spike - pass-through inflation,"Crude oil +50%, diesel +80%",DieselCost,pct,55.2499,3,3,1,Energy transition (enhanced),FY22 fuel price,1.5
S14_v0.5_2,Combined,Reverse-FY25 - all tailwinds vanish,"Cedi weakens, inflation rises, regulatory crackdown",FIN03,delta,-2.5984,3,5,4,Base case review (enhanced),opposite of FY25,0.5
S02_v0.5_2,Stress,Inflation resurgence to 25%,CPI hits 25% due to fiscal slippage,Opex,delta,8.7774,3,3,2,Cost optimisation,operating leverage,0.5
S47_v1.0_2,Stress,ECG load-shedding Stage 6 - 6 months,"Daily 8‑hour power cuts, diesel costs quadruple",DieselOpex,abs,864.6283,3,4,4,Alternative power,2024 load-shedding,1.0
S88_v1.0_1,Stress,MTN Group cross‑guarantee,"Parent guarantees Ghana debt, improves credit",CreditSpread,delta,-111.1397,4,2,2,Group treasury (enhanced),debt cost down,1.0
S23_v1.0_1,Shock,BoG FX intervention failure - disorderly devaluation,"Cedi hits 18 GHS/USD, BoG runs out of reserves",Cedi,delta,-34.2731,2,5,6,Hard currency reserves,FY22 disorderly,1.0
S31_v0.5_2,Stress,Data Protection Act fine - major enforcement,DPC fines MTN GHS 500m for data breach,Fine,abs,253.9311,3,3,2,Data compliance,DPC enforcement guidelines,0.5
S88_v1.0_2,Stress,MTN Group cross‑guarantee,"Parent guarantees Ghana debt, improves credit",CreditSpread,delta,-97.9996,4,2,2,Group treasury (enhanced),debt cost down,1.0
S49_v1.0_2,Stress,Tower equipment supply chain disruption,Huawei sanctions delay tower equipment 6 months,CapexEfficiency,pct,-26.7983,3,3,2,Supplier diversification,global chip shortage,1.0
S80_v1.5_2,Stress,Free MoMo transaction period,Govt mandates 6 months zero fees,SEG03,pct,-17.0341,4,3,2,Fintech reprieve,waiver impact,1.5
S56_v0.5_2,Combined,Perfect storm (macro+cyber+regulatory+climate),Worst‑case combined event,Dividend,abs,-0.0121,1,5,8,Comprehensive resilience (enhanced),suspended,0.5
S58_v1.0_2,Stress,Cedi devaluation -50% (extreme),"Cedi loses 50% in 6 months, hyperinflation",FIN03,delta,-5.0561,1,6,8,Contingency planning,margin collapse,1.0
S12_v1.0_1,Combined,Fintech disruption + regulatory pressure,Bank-led wallets capture MoMo share + e-levy hike,SEG03,pct,-29.9706,3,4,4,Fintech strategy,industry analysis,1.0
S72_v1.0_1,Stress,ECG load-shedding Stage 3 - 3 months,Daily 4‑hour power cuts,SiteAvailability,delta,-0.9057,4,3,3,Power backup,minor degradation,1.0
S74_v0.5_1,Stress,Labour dispute - 1 week strike,"Short strike, minimal impact",Opex,abs,26.2694,4,2,1,Labour relations,small cost,0.5
S32_v1.5_2,Combined,Regulatory storm (spectrum + e-levy + tariff cap),Three major regulatory hits simultaneously,Capex,pct,30.8027,2,5,6,Unified response,forced investment,1.5
S88_v1.5_1,Stress,MTN Group cross‑guarantee,"Parent guarantees Ghana debt, improves credit",CreditSpread,delta,-148.3883,4,2,2,Group treasury,debt cost down,1.5
S68_v1.5_2,Stress,Subsea cable cut - minor 1 week,"Single fibre cut, 10% capacity loss",FIN01,pct,-0.8118,4,2,1,Redundancy planning (enhanced),limited impact,1.5
S40_v1.0_2,Stress,Telecel aggressive bundle reset,Telecel launches low‑price voice+data bundle,OPS04,pct,-7.8201,4,3,2,Value proposition,competitor analysis,1.0
S10_v1.5_1,Shock,Competitive intensification (ARPU pressure),Price war cuts data tariffs 30% across market,OPS04,pct,-20.3507,3,4,2,Product differentiation,FY19 competition,1.5
S47_v1.0_1,Stress,ECG load-shedding Stage 6 - 6 months,"Daily 8‑hour power cuts, diesel costs quadruple",FIN03,delta,-2.3023,3,4,4,Alternative power (enhanced),margin impact,1.0
S78_v1.5_1,Stress,Corporate tax hike to 30%,Govt raises corporate tax rate,PAT,pct,-8.0851,3,3,2,Tax planning (enhanced),earnings impact,1.5
S10_v0.5_1,Shock,Competitive intensification (ARPU pressure),Price war cuts data tariffs 30% across market,FIN01,pct,-3.3459,3,4,2,Product differentiation,revenue erosion,0.5
S50_v1.0_2,Shock,CEO + CFO simultaneous departure,Both top executives resign unexpectedly,StrategyRisk,delta,0.9882,2,3,1,Succession planning,execution,1.0
S80_v1.5_1,Stress,Free MoMo transaction period,Govt mandates 6 months zero fees,SEG03,pct,-15.0523,4,3,2,Fintech reprieve,waiver impact,1.5
S09_v1.0_1,Shock,Mass data privacy breach,Customer data of 5M users leaked online,Churn,pct,5.8489,2,4,4,Data governance,customer flight,1.0
S69_v1.5_1,Stress,MoMo fraud surge +200%,"Fraud losses double, customer trust dips",SEG03,pct,-7.5145,3,3,2,Fraud detection (enhanced),trust erosion,1.5
S56_v1.0_1,Combined,Perfect storm (macro+cyber+regulatory+climate),Worst‑case combined event,SEG03,pct,-37.859,1,5,8,Comprehensive resilience,MoMo wipeout,1.0
S60_v1.5_1,Stress,Inflation 35% (severe),CPI hits 35% after currency crisis,Opex,pct,42.6809,2,5,3,Price elasticity (enhanced),cost pass-through,1.5
S07_v1.0_2,Shock,Spectrum dispute - 4G degradation,"Regulator forces spectrum reallocation, 4G speeds drop",OPS07,delta,-2.5965,2,4,2,Litigation & lobbying (enhanced),coverage reduction,1.0
S14_v1.5_1,Combined,Reverse-FY25 - all tailwinds vanish,"Cedi weakens, inflation rises, regulatory crackdown",FIN01,pct,-7.7051,3,5,4,Base case review,FY22 data,1.5
S83_v1.0_2,Stress,Diesel tax rebate,Govt removes fuel tax for telcos,FIN03,delta,0.5009,4,2,1,Government relations (enhanced),benefit,1.0
S07_v0.5_2,Shock,Spectrum dispute - 4G degradation,"Regulator forces spectrum reallocation, 4G speeds drop",FIN01,pct,-3.7588,2,4,2,Litigation & lobbying,MTN Nigeria precedent,0.5
S28_v0.5_2,Stress,BoG MoMo interoperability mandate,Compulsory low‑cost interoperability with banks,SEG03,pct,-7.3896,4,4,2,Fintech platform,Tanzania analogue,0.5
S27_v1.5_2,Stress,Parliament social tariff floor,"Minimum data price floor removed, intense price war",ARPU,delta,-3.8843,3,4,2,Pricing strategy,revenue per user,1.5
S60_v1.5_1,Stress,Inflation 35% (severe),CPI hits 35% after currency crisis,FIN03,delta,-7.3962,2,5,3,Price elasticity,FY22 extreme,1.5
S40_v1.5_1,Stress,Telecel aggressive bundle reset,Telecel launches low‑price voice+data bundle,DataShare,delta,-3.2148,4,3,2,Value proposition,market share shift,1.5
S78_v0.5_2,Stress,Corporate tax hike to 30%,Govt raises corporate tax rate,PAT,pct,-2.7324,3,3,2,Tax planning (enhanced),earnings impact,0.5
S47_v0.5_1,Stress,ECG load-shedding Stage 6 - 6 months,"Daily 8‑hour power cuts, diesel costs quadruple",SiteAvailability,delta,-1.3333,3,4,4,Alternative power,service uptime,0.5
S07_v1.5_2,Shock,Spectrum dispute - 4G degradation,"Regulator forces spectrum reallocation, 4G speeds drop",DataUsage,pct,-20.2577,2,4,2,Litigation & lobbying,user experience decline,1.5
S03_v1.5_2,Stress,MoMo e-levy increase to 1.5%,Govt raises e-levy from 1% to 1.5%,OPS01,pct,-23.0918,3,4,2,Pricing strategy,user decline observed,1.5
S09_v0.5_2,Shock,Mass data privacy breach,Customer data of 5M users leaked online,Churn,pct,2.6836,2,4,4,Data governance (enhanced),customer flight,0.5
S26_v0.5_2,Stress,Spectrum refarming forced at cost,Refarming 2G/3G to 4G/5G at NCA's cost,OPS07,delta,-1.0927,3,3,3,Network planning,coverage gap,0.5
S89_v1.5_1,Upside,NCA quality of service bonus,"MTN meets QoS targets, gets fee rebate",FIN03,delta,0.4389,4,2,1,Network investment,rebate income,1.5
S13_v1.0_2,Combined,Network crisis + climate compound,Major outage + flooding + diesel shortage,Sites,delta,-393.1697,2,5,6,Resilience investment,worst-case scenario,1.0
S46_v1.5_1,Stress,Starlink Ghana rural expansion,Starlink launches low‑cost rural satellite broadband,RuralDataSubs,pct,-8.2137,3,3,2,Satellite partnership (enhanced),competitive threat,1.5
S71_v1.0_1,Stress,New MVNO niche (youth),Small MVNO takes 2% of prepaid market,OPS01,pct,-0.5527,4,2,2,Segment defence,niche loss,1.0
S61_v0.5_1,Upside,Policy rate cut to 20% (stimulus),BoG cuts rate aggressively,FIN03,delta,0.8425,3,3,2,Debt restructuring,interest saving,0.5
S01_v1.0_1,Stress,Cedi devaluation -25%,Cedi drops 25% vs USD over 2 quarters,FIN03,delta,-2.0387,3,4,3,Emergency tariff repricing,FY22 analogue 0.32 elasticity,1.0
S65_v0.5_2,Stress,Tariff cap -15% (mild),Data price cap at 0.65 GHS/GB,DataARPU,pct,-0.7537,4,2,2,Pricing agility (enhanced),revenue loss,0.5
S02_v0.5_1,Stress,Inflation resurgence to 25%,CPI hits 25% due to fiscal slippage,Opex,delta,8.3958,3,3,2,Cost optimisation (enhanced),operating leverage,0.5
S30_v1.0_1,Shock,SIM re-registration 2.0 - 6-month disruption,"Mandatory new SIM registration, 6‑month process",ActiveSubs,pct,-8.2433,3,4,6,Stakeholder engagement (enhanced),Nigeria SIM registration,1.0
S45_v1.0_2,Stress,OTT substitution accelerates - voice collapse,WhatsApp voice + video kills traditional voice,SMSRev,pct,-32.8489,4,3,2,OTT monetisation,declining usage,1.0
S15_v0.5_2,Stress,Cedi devaluation -40% (severe),"Cedi plummets 40% in 3 months, BoG intervenes",FIN02,pct,-8.593,2,5,4,Emergency tariff repricing,EBITDA erosion,0.5
S17_v1.0_2,Stress,BoG emergency rate hike to 35%,MPC hikes policy rate to 35% in emergency meeting,Dividend,pct,-55.6437,2,4,2,Refinancing (enhanced),cash preservation,1.0
S85_v1.5_1,Upside,New data centre investment,MTN builds Tier‑4 data centre,EBITDA,delta,0.304,4,3,2,Digital infrastructure,cloud revenue,1.5
S39_v0.5_2,Stress,Network sharing collapse - Telecel dispute,"Telecel ends tower sharing, MTN must build own",Capex,abs,298.8549,3,3,3,Infrastructure investment (enhanced),coverage gap,0.5
S43_v1.5_2,Stress,Price war - all operators cut data 40%,"Industry‑wide data price war, 40% cuts",FIN01,pct,-18.6869,3,4,2,Cost leadership,2018 price war,1.5
S57_v0.5_2,Stress,Cedi devaluation -15% (mild),Cedi weakens 15% gradually,FIN01,pct,-2.0295,3,2,2,Tariff repricing,0.32 elasticity,0.5
S58_v0.5_2,Stress,Cedi devaluation -50% (extreme),"Cedi loses 50% in 6 months, hyperinflation",FIN01,pct,-10.5588,1,6,8,Contingency planning (enhanced),elasticity extrapolation,0.5
S57_v1.0_2,Stress,Cedi devaluation -15% (mild),Cedi weakens 15% gradually,FIN01,pct,-3.6891,3,2,2,Tariff repricing (enhanced),0.32 elasticity,1.0
S15_v1.5_1,Stress,Cedi devaluation -40% (severe),"Cedi plummets 40% in 3 months, BoG intervenes",OPS04,pct,-38.5998,2,5,4,Emergency tariff repricing,ARPU collapse,1.5
S42_v1.5_1,Stress,AT Ghana recapitalisation,"AirtelTigo gets new investor, aggressive marketing",SubsGrowth,delta,-5.0316,3,3,2,Marketing efficiency (enhanced),historical precedent,1.5
S17_v1.0_2,Stress,BoG emergency rate hike to 35%,MPC hikes policy rate to 35% in emergency meeting,WorkingCapital,delta,20.9008,2,4,2,Refinancing,interest cost,1.0
S27_v0.5_1,Stress,Parliament social tariff floor,"Minimum data price floor removed, intense price war",ARPU,delta,-1.4346,3,4,2,Pricing strategy (enhanced),revenue per user,0.5
S09_v0.5_1,Shock,Mass data privacy breach,Customer data of 5M users leaked online,Churn,pct,2.2478,2,4,4,Data governance (enhanced),customer flight,0.5
S63_v1.5_1,Stress,NCA small fine GHS 100m,Minor compliance fine,FIN03,delta,-0.796,4,2,1,Compliance (enhanced),one‑off impact,1.5
S56_v1.5_1,Combined,Perfect storm (macro+cyber+regulatory+climate),Worst‑case combined event,FIN01,pct,-35.8613,1,5,8,Comprehensive resilience,extreme tail,1.5
S44_v1.5_1,Shock,Bank-led mobile wallet captures MoMo share,Consortium of banks launches unified wallet,SEG03,pct,-35.0121,3,4,3,Fintech partnership,revenue loss,1.5
S78_v1.0_1,Stress,Corporate tax hike to 30%,Govt raises corporate tax rate,PAT,pct,-4.6291,3,3,2,Tax planning,earnings impact,1.0
S37_v1.5_1,Stress,AI-driven MoMo fraud surge +500%,AI fraud attacks cause massive MoMo losses,MoMoUsers,pct,-11.7684,3,4,2,AI fraud detection,trust erosion,1.5
S64_v0.5_2,Stress,NCA very large fine GHS 1.2bn,Major anti‑trust fine,Fine,abs,590.2237,2,5,4,Legal reserve,extreme penalty,0.5
S32_v1.0_1,Combined,Regulatory storm (spectrum + e-levy + tariff cap),Three major regulatory hits simultaneously,SEG03,pct,-30.3995,2,5,6,Unified response,MoMo collapse,1.0
S51_v1.0_1,Stress,Labour dispute - extended strike,Union strikes for 4 weeks over pay,Opex,abs,156.8278,2,3,2,Employee relations,FY21 strike cost,1.0
S09_v1.0_2,Shock,Mass data privacy breach,Customer data of 5M users leaked online,Fine,abs,213.8521,2,4,4,Data governance,regulatory penalty,1.0
S09_v1.0_1,Shock,Mass data privacy breach,Customer data of 5M users leaked online,Fine,abs,208.0798,2,4,4,Data governance,regulatory penalty,1.0
S58_v1.0_2,Stress,Cedi devaluation -50% (extreme),"Cedi loses 50% in 6 months, hyperinflation",FIN01,pct,-19.3361,1,6,8,Contingency planning,elasticity extrapolation,1.0
S20_v1.0_2,Stress,IMF conditionality tightening,"IMF demands higher tariffs, spending cuts",ConsumerSpending,pct,-4.8089,3,3,3,Strategic planning (enhanced),disposable income,1.0
S59_v1.5_2,Stress,Inflation 15% (moderate),CPI rises to 15% on food prices,FIN03,delta,-2.2538,3,2,1,Cost control,FY23 average,1.5
S77_v1.0_1,Upside,FX hedging gain (unexpected),Cedi weakens but MTN had hedged,FIN03,delta,0.538,4,2,1,Hedging strategy (enhanced),windfall,1.0
S46_v1.5_2,Stress,Starlink Ghana rural expansion,Starlink launches low‑cost rural satellite broadband,RuralDataSubs,pct,-6.7634,3,3,2,Satellite partnership (enhanced),competitive threat,1.5
S55_v1.0_1,Upside,Cedi appreciation +40%,Cedi appreciates 40% on structural reforms,FXGain,delta,1.076,2,4,3,Currency management,net assets,1.0
S21_v0.5_1,Stress,Cocoa/commodity crash - fiscal squeeze,"Cocoa prices fall 40%, export revenues drop",GDP,delta,-0.9784,3,3,2,FX hedging (enhanced),FY23 cocoa shock,0.5
S30_v0.5_2,Shock,SIM re-registration 2.0 - 6-month disruption,"Mandatory new SIM registration, 6‑month process",MoMoUsers,pct,-4.7936,3,4,6,Stakeholder engagement,fintech impact,0.5
S19_v0.5_2,Upside,Cedi appreciation +30%,Cedi strengthens 30% on oil windfall,FIN03,delta,1.4813,3,3,2,Shareholder returns (enhanced),FY25 tailwind,0.5
S11_v0.5_1,Combined,Ghana macro reversal,"IMF suspension, cedi collapse, inflation spike",OPS01,pct,-1.3805,3,5,6,Diversification,population impact,0.5
S08_v1.0_2,Shock,Major flood - 300+ sites down,Heavy rains damage 300 cell sites across south,FIN01,pct,-1.8171,2,3,2,Disaster recovery (enhanced),FY21 flooding impact,1.0
S72_v0.5_2,Stress,ECG load-shedding Stage 3 - 3 months,Daily 4‑hour power cuts,SiteAvailability,delta,-0.499,4,3,3,Power backup,minor degradation,0.5
S42_v1.0_1,Stress,AT Ghana recapitalisation,"AirtelTigo gets new investor, aggressive marketing",SubsGrowth,delta,-3.1566,3,3,2,Marketing efficiency (enhanced),historical precedent,1.0
S09_v1.5_2,Shock,Mass data privacy breach,Customer data of 5M users leaked online,Reputation,delta,-4.5671,2,4,4,Data governance,GDPR analogue,1.5
S54_v0.5_2,Upside,Ghana GDP 8%+ super-cycle,"Oil & mining boom, GDP growth >8%",OPS04,pct,5.3271,2,3,2,Macro hedging (enhanced),ARPU uplift,0.5
S87_v1.0_2,Upside,Currency swap agreement (China),Direct GHS/CNY settlement reduces USD exposure,FXCost,delta,-0.1836,4,3,2,Innovative hedging (enhanced),lower cost,1.0
S12_v1.5_2,Combined,Fintech disruption + regulatory pressure,Bank-led wallets capture MoMo share + e-levy hike,SEG03,pct,-44.4706,3,4,4,Fintech strategy,industry analysis,1.5
S42_v1.0_2,Stress,AT Ghana recapitalisation,"AirtelTigo gets new investor, aggressive marketing",SubsGrowth,delta,-2.6217,3,3,2,Marketing efficiency,historical precedent,1.0
S16_v1.0_2,Stress,Hyperinflation return - 50%+,"Inflation exceeds 50%, currency crisis deepens",FIN03,delta,-6.6561,2,5,6,Cost pass-through (enhanced),operating leverage,1.0
S17_v1.5_2,Stress,BoG emergency rate hike to 35%,MPC hikes policy rate to 35% in emergency meeting,CapexFinancing,pct,59.0864,2,4,2,Refinancing,FY22 rate spike,1.5
S69_v0.5_1,Stress,MoMo fraud surge +200%,"Fraud losses double, customer trust dips",SEG03,pct,-2.433,3,3,2,Fraud detection,trust erosion,0.5
S26_v1.5_1,Stress,Spectrum refarming forced at cost,Refarming 2G/3G to 4G/5G at NCA's cost,Capex,abs,1176.9288,3,3,3,Network planning (enhanced),MTN SA refarming cost,1.5
S08_v1.0_1,Shock,Major flood - 300+ sites down,Heavy rains damage 300 cell sites across south,FIN01,pct,-2.0093,2,3,2,Disaster recovery (enhanced),FY21 flooding impact,1.0
S11_v1.0_2,Combined,Ghana macro reversal,"IMF suspension, cedi collapse, inflation spike",FIN03,delta,-3.9353,3,5,6,Diversification,compound margin impact,1.0
S12_v1.5_1,Combined,Fintech disruption + regulatory pressure,Bank-led wallets capture MoMo share + e-levy hike,FIN02,pct,-7.9391,3,4,4,Fintech strategy,earnings impact,1.5
S29_v0.5_1,Shock,NCA partial licence revocation,NCA revokes MTN's data licence in 2 regions,SubscriberExodus,pct,-10.3947,1,5,8,Legal defence (enhanced),market loss,0.5
S15_v0.5_1,Stress,Cedi devaluation -40% (severe),"Cedi plummets 40% in 3 months, BoG intervenes",FIN03,delta,-2.2482,2,5,4,Emergency tariff repricing,USD cost pass-through,0.5
S27_v0.5_2,Stress,Parliament social tariff floor,"Minimum data price floor removed, intense price war",ARPU,delta,-1.5479,3,4,2,Pricing strategy,revenue per user,0.5
S62_v1.5_1,Stress,Ghana GDP growth 0% (stagnation),GDP growth 0% (stagnation),Subscribers,pct,-1.7262,3,3,2,Cost rationalisation,disposable income,1.5
S61_v1.0_2,Upside,Policy rate cut to 20% (stimulus),BoG cuts rate aggressively,FIN03,delta,1.5711,3,3,2,Debt restructuring (enhanced),interest saving,1.0
S81_v1.0_2,Stress,Starlink urban expansion,Starlink offers competitive urban data bundles,DataARPU,pct,-2.8338,3,3,2,Satellite strategy,price pressure,1.0
S62_v0.5_2,Stress,Ghana GDP growth 0% (stagnation),"No growth, high unemployment",FIN01,pct,-1.0764,3,3,2,Cost rationalisation,macro drag,0.5
S78_v0.5_1,Stress,Corporate tax hike to 30%,Govt raises corporate tax rate,PAT,pct,-2.514,3,3,2,Tax planning,earnings impact,0.5
S08_v1.0_2,Shock,Major flood - 300+ sites down,Heavy rains damage 300 cell sites across south,Capex,pct,19.6233,2,3,2,Disaster recovery,replacement cost,1.0
S44_v0.5_2,Shock,Bank-led mobile wallet captures MoMo share,Consortium of banks launches unified wallet,SEG03,pct,-9.9354,3,4,3,Fintech partnership,revenue loss,0.5
S26_v0.5_1,Stress,Spectrum refarming forced at cost,Refarming 2G/3G to 4G/5G at NCA's cost,OPS07,delta,-0.9711,3,3,3,Network planning,coverage gap,0.5
S63_v0.5_1,Stress,NCA small fine GHS 100m,Minor compliance fine,FIN03,delta,-0.2494,4,2,1,Compliance,one‑off impact,0.5
S62_v1.5_1,Stress,Ghana GDP growth 0% (stagnation),"No growth, high unemployment",FIN01,pct,-2.9802,3,3,2,Cost rationalisation,macro drag,1.5
S53_v1.0_2,Upside,MoMo lending / micro-insurance breakthrough,"MoMo lending scales 5x, insurance attach rate 20%",SEG03,pct,37.6788,3,4,4,Fintech growth,industry opportunity,1.0
S82_v1.5_1,Upside,AI customer service breakthrough,AI reduces call centre costs 30%,FIN03,delta,2.55,4,3,2,Automation investment (enhanced),cost reduction,1.5
S13_v1.0_2,Combined,Network crisis + climate compound,Major outage + flooding + diesel shortage,FIN03,delta,-3.6394,2,5,6,Resilience investment,cost overrun,1.0
S44_v1.5_2,Shock,Bank-led mobile wallet captures MoMo share,Consortium of banks launches unified wallet,SEG03,pct,-29.665,3,4,3,Fintech partnership,revenue loss,1.5
S01_v0.5_2,Stress,Cedi devaluation -25%,Cedi drops 25% vs USD over 2 quarters,FIN01,pct,-3.9558,3,4,3,Emergency tariff repricing,FY22 analogue 0.32 elasticity,0.5
S60_v0.5_1,Stress,Inflation 35% (severe),CPI hits 35% after currency crisis,Opex,pct,11.7151,2,5,3,Price elasticity (enhanced),cost pass-through,0.5
S65_v1.5_2,Stress,Tariff cap -15% (mild),Data price cap at 0.65 GHS/GB,FIN01,pct,-4.2083,4,2,2,Pricing agility,partial cap,1.5
S05_v1.0_1,Stress,ECG tariff +40%,Power utility raises tariffs 40%,FIN03,delta,-1.8529,3,3,1,Energy efficiency (enhanced),pass-through cost,1.0
S43_v0.5_1,Stress,Price war - all operators cut data 40%,"Industry‑wide data price war, 40% cuts",FIN03,delta,-2.0123,3,4,2,Cost leadership,EBITDA margin,0.5
S70_v1.0_1,Stress,Telecel mild price promotion,10% discount on weekend calls,OPS04,pct,-1.095,4,2,1,Retention campaigns (enhanced),minor churn,1.0
S75_v1.5_2,Stress,Minor cyber breach - limited data,Small leak of non‑sensitive data,Reputation,delta,-0.7869,4,2,1,Cyber hygiene (enhanced),low impact,1.5
S25_v1.0_1,Stress,NCA universal service levy increase,Levy raised from 1% to 2% of revenue,Opex,abs,398.9519,3,3,1,Compliance,industry levy rate,1.0
S89_v0.5_1,Upside,NCA quality of service bonus,"MTN meets QoS targets, gets fee rebate",FIN03,delta,0.1657,4,2,1,Network investment (enhanced),rebate income,0.5
S57_v1.0_1,Stress,Cedi devaluation -15% (mild),Cedi weakens 15% gradually,OPS04,pct,-8.6375,3,2,2,Tariff repricing,ARPU effect,1.0
S33_v1.5_2,Shock,Ransomware - core network 10-day outage,"Full network outage due to ransomware, 10 days",FIN01,pct,-30.5371,1,5,4,Cyber insurance,MTN Nigeria 2023 analogue,1.5
S15_v1.0_2,Stress,Cedi devaluation -40% (severe),"Cedi plummets 40% in 3 months, BoG intervenes",Capex,pct,-23.4143,2,5,4,Emergency tariff repricing,investment pause,1.0
S67_v1.0_1,Upside,5G auction win - MTN leads,MTN wins 5G spectrum cheaply,DataShare,delta,2.0196,4,3,3,5G leadership,competitive advantage,1.0
S29_v1.0_2,Shock,NCA partial licence revocation,NCA revokes MTN's data licence in 2 regions,SubscriberExodus,pct,-20.1952,1,5,8,Legal defence,market loss,1.0
S32_v1.5_1,Combined,Regulatory storm (spectrum + e-levy + tariff cap),Three major regulatory hits simultaneously,FIN03,delta,-7.1687,2,5,6,Unified response,margin crash,1.5
S59_v0.5_2,Stress,Inflation 15% (moderate),CPI rises to 15% on food prices,FIN03,delta,-0.6722,3,2,1,Cost control (enhanced),FY23 average,0.5
S07_v1.5_1,Shock,Spectrum dispute - 4G degradation,"Regulator forces spectrum reallocation, 4G speeds drop",OPS07,delta,-3.683,2,4,2,Litigation & lobbying,coverage reduction,1.5
S49_v0.5_2,Stress,Tower equipment supply chain disruption,Huawei sanctions delay tower equipment 6 months,RolloutDelay,delta,1.1091,3,3,2,Supplier diversification,quarters,0.5
S14_v1.5_1,Combined,Reverse-FY25 - all tailwinds vanish,"Cedi weakens, inflation rises, regulatory crackdown",FIN03,delta,-8.2077,3,5,4,Base case review (enhanced),opposite of FY25,1.5
S74_v1.5_2,Stress,Labour dispute - 1 week strike,"Short strike, minimal impact",Opex,abs,74.2777,4,2,1,Labour relations,small cost,1.5
S42_v0.5_2,Stress,AT Ghana recapitalisation,"AirtelTigo gets new investor, aggressive marketing",SubsGrowth,delta,-1.4954,3,3,2,Marketing efficiency,historical precedent,0.5
S47_v1.5_2,Stress,ECG load-shedding Stage 6 - 6 months,"Daily 8‑hour power cuts, diesel costs quadruple",DieselOpex,abs,1168.8162,3,4,4,Alternative power,2024 load-shedding,1.5
S23_v0.5_2,Shock,BoG FX intervention failure - disorderly devaluation,"Cedi hits 18 GHS/USD, BoG runs out of reserves",Cedi,delta,-15.6869,2,5,6,Hard currency reserves,FY22 disorderly,0.5
S58_v1.5_1,Stress,Cedi devaluation -50% (extreme),"Cedi loses 50% in 6 months, hyperinflation",OPS04,pct,-49.8853,1,6,8,Contingency planning (enhanced),ARPU halved,1.5
S46_v1.0_2,Stress,Starlink Ghana rural expansion,Starlink launches low‑cost rural satellite broadband,ARPU,delta,-0.5006,3,3,2,Satellite partnership,pricing pressure,1.0
S71_v0.5_2,Stress,New MVNO niche (youth),Small MVNO takes 2% of prepaid market,OPS01,pct,-0.2764,4,2,2,Segment defence,niche loss,0.5
S14_v1.5_2,Combined,Reverse-FY25 - all tailwinds vanish,"Cedi weakens, inflation rises, regulatory crackdown",FIN03,delta,-7.2185,3,5,4,Base case review,opposite of FY25,1.5
S58_v1.0_1,Stress,Cedi devaluation -50% (extreme),"Cedi loses 50% in 6 months, hyperinflation",FIN03,delta,-5.4985,1,6,8,Contingency planning,margin collapse,1.0
S63_v0.5_2,Stress,NCA small fine GHS 100m,Minor compliance fine,FIN03,delta,-0.2854,4,2,1,Compliance (enhanced),one‑off impact,0.5
S47_v1.5_1,Stress,ECG load-shedding Stage 6 - 6 months,"Daily 8‑hour power cuts, diesel costs quadruple",SiteAvailability,delta,-4.7732,3,4,4,Alternative power,service uptime,1.5
S18_v1.5_2,Stress,Ghana sovereign downgrade to junk,"Moody's cuts Ghana to Caa1, foreign debt frozen",RiskPremium,delta,715.3865,2,4,6,Onshore reinvestment,sovereign spread,1.5
S45_v0.5_1,Stress,OTT substitution accelerates - voice collapse,WhatsApp voice + video kills traditional voice,SMSRev,pct,-17.8841,4,3,2,OTT monetisation (enhanced),declining usage,0.5
S27_v1.0_1,Stress,Parliament social tariff floor,"Minimum data price floor removed, intense price war",FIN01,pct,-5.2528,3,4,2,Pricing strategy,Kenya precedent,1.0
S79_v1.5_2,Stress,Mobile termination rate cut,Regulator cuts MTR by 50%,FIN01,pct,-2.4867,4,3,2,Wholesale pricing (enhanced),revenue loss,1.5
S51_v0.5_2,Stress,Labour dispute - extended strike,Union strikes for 4 weeks over pay,Opex,abs,84.8347,2,3,2,Employee relations (enhanced),FY21 strike cost,0.5
S21_v1.5_1,Stress,Cocoa/commodity crash - fiscal squeeze,"Cocoa prices fall 40%, export revenues drop",MoMoVolumes,pct,-12.105,3,3,2,FX hedging,transaction value,1.5
S15_v0.5_1,Stress,Cedi devaluation -40% (severe),"Cedi plummets 40% in 3 months, BoG intervenes",OPS04,pct,-10.7966,2,5,4,Emergency tariff repricing,ARPU collapse,0.5
S54_v0.5_1,Upside,Ghana GDP 8%+ super-cycle,"Oil & mining boom, GDP growth >8%",OPS01,pct,2.5535,2,3,2,Macro hedging (enhanced),historical boom,0.5
S43_v1.0_2,Stress,Price war - all operators cut data 40%,"Industry‑wide data price war, 40% cuts",FIN03,delta,-3.863,3,4,2,Cost leadership (enhanced),EBITDA margin,1.0
S44_v1.0_1,Shock,Bank-led mobile wallet captures MoMo share,Consortium of banks launches unified wallet,MoMoUsers,pct,-16.2363,3,4,3,Fintech partnership,Kenya M-Pesa vs banks,1.0
S16_v0.5_1,Stress,Hyperinflation return - 50%+,"Inflation exceeds 50%, currency crisis deepens",OPS01,pct,-1.9795,2,5,6,Cost pass-through,reduced affordability,0.5
S23_v1.5_1,Shock,BoG FX intervention failure - disorderly devaluation,"Cedi hits 18 GHS/USD, BoG runs out of reserves",Cedi,delta,-41.1731,2,5,6,Hard currency reserves (enhanced),FY22 disorderly,1.5
S25_v0.5_1,Stress,NCA universal service levy increase,Levy raised from 1% to 2% of revenue,Opex,abs,203.1694,3,3,1,Compliance,industry levy rate,0.5
S14_v1.0_1,Combined,Reverse-FY25 - all tailwinds vanish,"Cedi weakens, inflation rises, regulatory crackdown",FIN01,pct,-4.1504,3,5,4,Base case review,FY22 data,1.0
S87_v0.5_1,Upside,Currency swap agreement (China),Direct GHS/CNY settlement reduces USD exposure,FXCost,delta,-0.099,4,3,2,Innovative hedging,lower cost,0.5
S66_v1.0_1,Stress,Tariff floor removal only,"Price floor removed, moderate competition",FIN01,pct,-4.1981,3,3,2,Value stacking,Kenya analogue,1.0
S31_v1.5_1,Stress,Data Protection Act fine - major enforcement,DPC fines MTN GHS 500m for data breach,Fine,abs,754.937,3,3,2,Data compliance (enhanced),DPC enforcement guidelines,1.5
S20_v1.5_2,Stress,IMF conditionality tightening,"IMF demands higher tariffs, spending cuts",ConsumerSpending,pct,-7.194,3,3,3,Strategic planning (enhanced),disposable income,1.5
S33_v0.5_2,Shock,Ransomware - core network 10-day outage,"Full network outage due to ransomware, 10 days",FIN01,pct,-9.3614,1,5,4,Cyber insurance,MTN Nigeria 2023 analogue,0.5
S44_v1.0_2,Shock,Bank-led mobile wallet captures MoMo share,Consortium of banks launches unified wallet,SEG03,pct,-20.5544,3,4,3,Fintech partnership,revenue loss,1.0
S90_v0.5_2,Upside,ECG prepaid metering for sites,Better power management reduces diesel use,DieselCost,pct,-2.7791,4,2,2,Energy efficiency,ongoing saving,0.5
S56_v1.5_2,Combined,Perfect storm (macro+cyber+regulatory+climate),Worst‑case combined event,Dividend,abs,-0.0136,1,5,8,Comprehensive resilience,suspended,1.5
S20_v1.0_2,Stress,IMF conditionality tightening,"IMF demands higher tariffs, spending cuts",FIN01,pct,-2.183,3,3,3,Strategic planning (enhanced),FY23 IMF programme,1.0
S81_v1.0_1,Stress,Starlink urban expansion,Starlink offers competitive urban data bundles,DataARPU,pct,-2.897,3,3,2,Satellite strategy (enhanced),price pressure,1.0
S43_v0.5_2,Stress,Price war - all operators cut data 40%,"Industry‑wide data price war, 40% cuts",FIN01,pct,-5.4626,3,4,2,Cost leadership,2018 price war,0.5
S72_v1.0_2,Stress,ECG load-shedding Stage 3 - 3 months,Daily 4‑hour power cuts,SiteAvailability,delta,-1.095,4,3,3,Power backup,minor degradation,1.0
S65_v1.0_1,Stress,Tariff cap -15% (mild),Data price cap at 0.65 GHS/GB,FIN01,pct,-3.1119,4,2,2,Pricing agility,partial cap,1.0
S45_v1.0_2,Stress,OTT substitution accelerates - voice collapse,WhatsApp voice + video kills traditional voice,VoiceRev,pct,-23.0625,4,3,2,OTT monetisation,global trend,1.0
S71_v1.5_2,Stress,New MVNO niche (youth),Small MVNO takes 2% of prepaid market,OPS01,pct,-0.7486,4,2,2,Segment defence,niche loss,1.5
S38_v1.5_1,Shock,National grid + telecoms cyberattack,State‑sponsored attack on grid and telcos,SitesOffline,pct,31.5425,1,5,8,National security,extreme scenario,1.5
S47_v1.0_2,Stress,ECG load-shedding Stage 6 - 6 months,"Daily 8‑hour power cuts, diesel costs quadruple",FIN03,delta,-2.2793,3,4,4,Alternative power,margin impact,1.0
S40_v0.5_2,Stress,Telecel aggressive bundle reset,Telecel launches low‑price voice+data bundle,OPS04,pct,-3.7818,4,3,2,Value proposition,competitor analysis,0.5
S56_v1.0_2,Combined,Perfect storm (macro+cyber+regulatory+climate),Worst‑case combined event,Dividend,abs,0.0312,1,5,8,Comprehensive resilience,suspended,1.0
S06_v0.5_2,Shock,Major cyber breach - 5-day MoMo outage,Ransomware locks MoMo platform for 5 days,SEG03,pct,-5.4092,2,5,3,Cyber resilience,industry benchmark,0.5
S15_v1.0_1,Stress,Cedi devaluation -40% (severe),"Cedi plummets 40% in 3 months, BoG intervenes",FIN01,pct,-14.1347,2,5,4,Emergency tariff repricing,FY22 0.32 elasticity compounded,1.0
S50_v1.0_1,Shock,CEO + CFO simultaneous departure,Both top executives resign unexpectedly,SharePrice,pct,-9.764,2,3,1,Succession planning,market reaction,1.0
S75_v1.5_1,Stress,Minor cyber breach - limited data,Small leak of non‑sensitive data,Reputation,delta,-0.7943,4,2,1,Cyber hygiene,low impact,1.5
S10_v1.0_2,Shock,Competitive intensification (ARPU pressure),Price war cuts data tariffs 30% across market,OPS04,pct,-11.0166,3,4,2,Product differentiation,FY19 competition,1.0
S34_v1.0_1,Shock,MoMo vendor insolvency - forced migration,"MoMo platform vendor goes bankrupt, 15‑day migration",MoMoOutage,delta,15.2293,2,4,6,Vendor diversification,service disruption,1.0
S02_v1.5_2,Stress,Inflation resurgence to 25%,CPI hits 25% due to fiscal slippage,FIN01,pct,-6.447,3,3,2,Cost optimisation,FY22 inflation impact,1.5
S37_v0.5_1,Stress,AI-driven MoMo fraud surge +500%,AI fraud attacks cause massive MoMo losses,FraudLosses,abs,132.6238,3,4,2,AI fraud detection,Kenya fraud trend,0.5
S10_v1.0_1,Shock,Competitive intensification (ARPU pressure),Price war cuts data tariffs 30% across market,OPS01,pct,-2.4696,3,4,2,Product differentiation (enhanced),subscriber churn,1.0
S46_v0.5_1,Stress,Starlink Ghana rural expansion,Starlink launches low‑cost rural satellite broadband,RuralDataSubs,pct,-2.4872,3,3,2,Satellite partnership (enhanced),competitive threat,0.5
S78_v1.0_2,Stress,Corporate tax hike to 30%,Govt raises corporate tax rate,PAT,pct,-5.0953,3,3,2,Tax planning (enhanced),earnings impact,1.0
S72_v1.5_2,Stress,ECG load-shedding Stage 3 - 3 months,Daily 4‑hour power cuts,SiteAvailability,delta,-1.4689,4,3,3,Power backup (enhanced),minor degradation,1.5
S72_v0.5_1,Stress,ECG load-shedding Stage 3 - 3 months,Daily 4‑hour power cuts,DieselOpex,abs,106.725,4,3,3,Power backup,FY23 level,0.5
S32_v1.5_1,Combined,Regulatory storm (spectrum + e-levy + tariff cap),Three major regulatory hits simultaneously,FIN01,pct,-24.2718,2,5,6,Unified response (enhanced),compound effect,1.5
S53_v0.5_2,Upside,MoMo lending / micro-insurance breakthrough,"MoMo lending scales 5x, insurance attach rate 20%",SEG03,pct,17.0672,3,4,4,Fintech growth (enhanced),industry opportunity,0.5
S64_v1.5_2,Stress,NCA very large fine GHS 1.2bn,Major anti‑trust fine,FIN03,delta,-5.7461,2,5,4,Legal reserve (enhanced),EBITDA reduction,1.5
S06_v1.5_2,Shock,Major cyber breach - 5-day MoMo outage,Ransomware locks MoMo platform for 5 days,FIN02,pct,-4.2428,2,5,3,Cyber resilience,revenue loss + fines,1.5
S38_v1.5_2,Shock,National grid + telecoms cyberattack,State‑sponsored attack on grid and telcos,FIN01,pct,-21.2741,1,5,8,National security (enhanced),revenue collapse,1.5
S15_v0.5_1,Stress,Cedi devaluation -40% (severe),"Cedi plummets 40% in 3 months, BoG intervenes",FIN01,pct,-6.748,2,5,4,Emergency tariff repricing,FY22 0.32 elasticity compounded,0.5
S53_v1.5_1,Upside,MoMo lending / micro-insurance breakthrough,"MoMo lending scales 5x, insurance attach rate 20%",DigitalRev,pct,120.7856,3,4,4,Fintech growth,new revenue,1.5
S61_v1.5_2,Upside,Policy rate cut to 20% (stimulus),BoG cuts rate aggressively,FIN03,delta,2.2494,3,3,2,Debt restructuring,interest saving,1.5
S39_v1.5_1,Stress,Network sharing collapse - Telecel dispute,"Telecel ends tower sharing, MTN must build own",Capex,abs,884.0906,3,3,3,Infrastructure investment,coverage gap,1.5
S49_v0.5_1,Stress,Tower equipment supply chain disruption,Huawei sanctions delay tower equipment 6 months,RolloutDelay,delta,1.0179,3,3,2,Supplier diversification,quarters,0.5
S30_v1.5_1,Shock,SIM re-registration 2.0 - 6-month disruption,"Mandatory new SIM registration, 6‑month process",DataSubs,pct,-8.9715,3,4,6,Stakeholder engagement (enhanced),data impact,1.5
S64_v1.0_2,Stress,NCA very large fine GHS 1.2bn,Major anti‑trust fine,Fine,abs,1235.2671,2,5,4,Legal reserve (enhanced),extreme penalty,1.0
S38_v0.5_2,Shock,National grid + telecoms cyberattack,State‑sponsored attack on grid and telcos,SitesOffline,pct,11.155,1,5,8,National security,extreme scenario,0.5
S61_v1.5_2,Upside,Policy rate cut to 20% (stimulus),BoG cuts rate aggressively,FIN01,pct,3.614,3,3,2,Debt restructuring,lower borrowing cost,1.5
S76_v1.0_1,Stress,Shareholder dividend pressure,Activist investors demand higher payout,Dividend,delta,0.5147,3,3,2,Capital allocation,no direct KPI,1.0
S13_v1.0_1,Combined,Network crisis + climate compound,Major outage + flooding + diesel shortage,Sites,delta,-377.0098,2,5,6,Resilience investment (enhanced),worst-case scenario,1.0
S25_v1.0_1,Stress,NCA universal service levy increase,Levy raised from 1% to 2% of revenue,FIN03,delta,-1.3311,3,3,1,Compliance,margin impact,1.0
S56_v1.0_1,Combined,Perfect storm (macro+cyber+regulatory+climate),Worst‑case combined event,Dividend,abs,0.026,1,5,8,Comprehensive resilience,suspended,1.0
S62_v0.5_1,Stress,Ghana GDP growth 0% (stagnation),GDP growth 0% (stagnation),Subscribers,pct,-0.459,3,3,2,Cost rationalisation,disposable income,0.5
S26_v0.5_2,Stress,Spectrum refarming forced at cost,Refarming 2G/3G to 4G/5G at NCA's cost,Capex,abs,363.8703,3,3,3,Network planning,MTN SA refarming cost,0.5
S55_v1.5_1,Upside,Cedi appreciation +40%,Cedi appreciates 40% on structural reforms,FIN03,delta,5.7056,2,4,3,Currency management,FY25 magnitude,1.5
S83_v1.5_2,Stress,Diesel tax rebate,Govt removes fuel tax for telcos,FIN03,delta,0.6592,4,2,1,Government relations,benefit,1.5
S13_v0.5_2,Combined,Network crisis + climate compound,Major outage + flooding + diesel shortage,FIN03,delta,-1.7518,2,5,6,Resilience investment,cost overrun,0.5
S01_v1.5_1,Stress,Cedi devaluation -25%,Cedi drops 25% vs USD over 2 quarters,FIN01,pct,-13.516,3,4,3,Emergency tariff repricing,FY22 analogue 0.32 elasticity,1.5
S55_v0.5_1,Upside,Cedi appreciation +40%,Cedi appreciates 40% on structural reforms,FXGain,delta,0.5064,2,4,3,Currency management (enhanced),net assets,0.5
S45_v0.5_1,Stress,OTT substitution accelerates - voice collapse,WhatsApp voice + video kills traditional voice,VoiceRev,pct,-10.8865,4,3,2,OTT monetisation,global trend,0.5
S79_v1.5_1,Stress,Mobile termination rate cut,Regulator cuts MTR by 50%,FIN01,pct,-2.5402,4,3,2,Wholesale pricing,revenue loss,1.5
S70_v0.5_1,Stress,Telecel mild price promotion,10% discount on weekend calls,OPS04,pct,-0.4575,4,2,1,Retention campaigns (enhanced),minor churn,0.5
S42_v0.5_1,Stress,AT Ghana recapitalisation,"AirtelTigo gets new investor, aggressive marketing",Churn,pct,1.0395,3,3,2,Marketing efficiency,subscriber retention,0.5
S53_v0.5_1,Upside,MoMo lending / micro-insurance breakthrough,"MoMo lending scales 5x, insurance attach rate 20%",DigitalRev,pct,34.1241,3,4,4,Fintech growth,new revenue,0.5
S37_v0.5_1,Stress,AI-driven MoMo fraud surge +500%,AI fraud attacks cause massive MoMo losses,MoMoUsers,pct,-4.2081,3,4,2,AI fraud detection,trust erosion,0.5
S52_v1.5_2,Upside,5G early mover - enterprise revenue surge,"MTN launches 5G first, grabs enterprise share",EnterpriseRev,pct,33.2589,3,3,4,5G investment,FY26 forecast,1.5
S89_v1.5_2,Upside,NCA quality of service bonus,"MTN meets QoS targets, gets fee rebate",FIN03,delta,0.4781,4,2,1,Network investment,rebate income,1.5
S47_v1.5_2,Stress,ECG load-shedding Stage 6 - 6 months,"Daily 8‑hour power cuts, diesel costs quadruple",FIN03,delta,-3.2788,3,4,4,Alternative power,margin impact,1.5
S06_v1.0_1,Shock,Major cyber breach - 5-day MoMo outage,Ransomware locks MoMo platform for 5 days,Reputation,delta,-1.8441,2,5,3,Cyber resilience,qualitative,1.0
S57_v0.5_1,Stress,Cedi devaluation -15% (mild),Cedi weakens 15% gradually,OPS04,pct,-4.3794,3,2,2,Tariff repricing,ARPU effect,0.5
S52_v0.5_2,Upside,5G early mover - enterprise revenue surge,"MTN launches 5G first, grabs enterprise share",DataARPU,pct,8.2417,3,3,4,5G investment (enhanced),premium pricing,0.5
S39_v1.0_2,Stress,Network sharing collapse - Telecel dispute,"Telecel ends tower sharing, MTN must build own",Capex,abs,544.3985,3,3,3,Infrastructure investment (enhanced),coverage gap,1.0
S26_v1.5_1,Stress,Spectrum refarming forced at cost,Refarming 2G/3G to 4G/5G at NCA's cost,OPS07,delta,-3.0783,3,3,3,Network planning,coverage gap,1.5
S32_v1.5_1,Combined,Regulatory storm (spectrum + e-levy + tariff cap),Three major regulatory hits simultaneously,Capex,pct,30.6861,2,5,6,Unified response,forced investment,1.5
S03_v1.5_2,Stress,MoMo e-levy increase to 1.5%,Govt raises e-levy from 1% to 1.5%,SEG03,pct,-36.603,3,4,2,Pricing strategy,Q2 2022 e-levy impact,1.5
S02_v1.0_1,Stress,Inflation resurgence to 25%,CPI hits 25% due to fiscal slippage,FIN01,pct,-3.7834,3,3,2,Cost optimisation,FY22 inflation impact,1.0
S67_v1.5_2,Upside,5G auction win - MTN leads,MTN wins 5G spectrum cheaply,DataARPU,pct,1.9911,4,3,3,5G leadership (enhanced),premium pricing,1.5
S56_v1.5_2,Combined,Perfect storm (macro+cyber+regulatory+climate),Worst‑case combined event,FIN01,pct,-38.6754,1,5,8,Comprehensive resilience,extreme tail,1.5
S59_v1.5_2,Stress,Inflation 15% (moderate),CPI rises to 15% on food prices,FIN01,pct,-2.7062,3,2,1,Cost control,revenue drag,1.5
S12_v1.0_1,Combined,Fintech disruption + regulatory pressure,Bank-led wallets capture MoMo share + e-levy hike,FIN02,pct,-5.6078,3,4,4,Fintech strategy,earnings impact,1.0
S08_v1.0_1,Shock,Major flood - 300+ sites down,Heavy rains damage 300 cell sites across south,OPS01,pct,-1.1852,2,3,2,Disaster recovery,subscriber disruption,1.0
S02_v1.0_2,Stress,Inflation resurgence to 25%,CPI hits 25% due to fiscal slippage,FIN03,delta,-2.9277,3,3,2,Cost optimisation,FY22 inflation impact,1.0
S76_v1.5_1,Stress,Shareholder dividend pressure,Activist investors demand higher payout,Dividend,delta,0.7488,3,3,2,Capital allocation,no direct KPI,1.5
S14_v1.0_1,Combined,Reverse-FY25 - all tailwinds vanish,"Cedi weakens, inflation rises, regulatory crackdown",FIN03,delta,-4.4719,3,5,4,Base case review (enhanced),opposite of FY25,1.0
S32_v1.0_2,Combined,Regulatory storm (spectrum + e-levy + tariff cap),Three major regulatory hits simultaneously,SEG03,pct,-31.1819,2,5,6,Unified response,MoMo collapse,1.0
S55_v1.5_1,Upside,Cedi appreciation +40%,Cedi appreciates 40% on structural reforms,FXGain,delta,1.336,2,4,3,Currency management,net assets,1.5
S23_v0.5_1,Shock,BoG FX intervention failure - disorderly devaluation,"Cedi hits 18 GHS/USD, BoG runs out of reserves",USDPayables,pct,14.349,2,5,6,Hard currency reserves,liquidity crisis,0.5
S17_v0.5_1,Stress,BoG emergency rate hike to 35%,MPC hikes policy rate to 35% in emergency meeting,CapexFinancing,pct,22.6994,2,4,2,Refinancing (enhanced),FY22 rate spike,0.5
S27_v1.5_1,Stress,Parliament social tariff floor,"Minimum data price floor removed, intense price war",ARPU,delta,-4.6108,3,4,2,Pricing strategy,revenue per user,1.5
S47_v1.0_1,Stress,ECG load-shedding Stage 6 - 6 months,"Daily 8‑hour power cuts, diesel costs quadruple",SiteAvailability,delta,-3.3322,3,4,4,Alternative power (enhanced),service uptime,1.0
S25_v0.5_2,Stress,NCA universal service levy increase,Levy raised from 1% to 2% of revenue,FIN03,delta,-0.6256,3,3,1,Compliance,margin impact,0.5
S40_v1.5_1,Stress,Telecel aggressive bundle reset,Telecel launches low‑price voice+data bundle,CAC,pct,28.4366,4,3,2,Value proposition (enhanced),customer acquisition,1.5
S32_v0.5_1,Combined,Regulatory storm (spectrum + e-levy + tariff cap),Three major regulatory hits simultaneously,Capex,pct,11.238,2,5,6,Unified response,forced investment,0.5
S09_v0.5_1,Shock,Mass data privacy breach,Customer data of 5M users leaked online,Reputation,delta,-1.4142,2,4,4,Data governance,GDPR analogue,0.5
S04_v1.0_1,Stress,Sovereign debt freeze,"IMF programme stalls, donors cut aid",Dividend,abs,-49.3549,2,4,6,Repatriation planning,FY22 dividend freeze,1.0
S31_v1.0_2,Stress,Data Protection Act fine - major enforcement,DPC fines MTN GHS 500m for data breach,Fine,abs,535.5852,3,3,2,Data compliance,DPC enforcement guidelines,1.0
S45_v1.5_2,Stress,OTT substitution accelerates - voice collapse,WhatsApp voice + video kills traditional voice,VoiceRev,pct,-31.1896,4,3,2,OTT monetisation,global trend,1.5
S08_v1.0_1,Shock,Major flood - 300+ sites down,Heavy rains damage 300 cell sites across south,Capex,pct,15.6181,2,3,2,Disaster recovery (enhanced),replacement cost,1.0
S89_v1.0_1,Upside,NCA quality of service bonus,"MTN meets QoS targets, gets fee rebate",FIN03,delta,0.2738,4,2,1,Network investment,rebate income,1.0
S34_v1.5_1,Shock,MoMo vendor insolvency - forced migration,"MoMo platform vendor goes bankrupt, 15‑day migration",EmergencyCapex,abs,1775.935,2,4,6,Vendor diversification,industry risk,1.5
S59_v1.5_1,Stress,Inflation 15% (moderate),CPI rises to 15% on food prices,FIN01,pct,-2.9668,3,2,1,Cost control,revenue drag,1.5
S87_v1.5_2,Upside,Currency swap agreement (China),Direct GHS/CNY settlement reduces USD exposure,FXCost,delta,-0.3103,4,3,2,Innovative hedging,lower cost,1.5
S04_v1.5_1,Stress,Sovereign debt freeze,"IMF programme stalls, donors cut aid",Dividend,abs,-76.5453,2,4,6,Repatriation planning (enhanced),FY22 dividend freeze,1.5
S58_v1.0_1,Stress,Cedi devaluation -50% (extreme),"Cedi loses 50% in 6 months, hyperinflation",FIN01,pct,-17.0733,1,6,8,Contingency planning (enhanced),elasticity extrapolation,1.0
S01_v1.0_1,Stress,Cedi devaluation -25%,Cedi drops 25% vs USD over 2 quarters,OPS04,pct,-14.3467,3,4,3,Emergency tariff repricing,FY22 analogue 0.32 elasticity,1.0
S10_v0.5_1,Shock,Competitive intensification (ARPU pressure),Price war cuts data tariffs 30% across market,OPS04,pct,-6.213,3,4,2,Product differentiation,FY19 competition,0.5
S02_v1.5_1,Stress,Inflation resurgence to 25%,CPI hits 25% due to fiscal slippage,Opex,delta,28.7551,3,3,2,Cost optimisation (enhanced),operating leverage,1.5
S32_v0.5_1,Combined,Regulatory storm (spectrum + e-levy + tariff cap),Three major regulatory hits simultaneously,FIN03,delta,-2.3725,2,5,6,Unified response,margin crash,0.5
S23_v0.5_2,Shock,BoG FX intervention failure - disorderly devaluation,"Cedi hits 18 GHS/USD, BoG runs out of reserves",USDPayables,pct,13.6266,2,5,6,Hard currency reserves,liquidity crisis,0.5
S11_v0.5_2,Combined,Ghana macro reversal,"IMF suspension, cedi collapse, inflation spike",OPS01,pct,-1.2521,3,5,6,Diversification (enhanced),population impact,0.5
S55_v0.5_2,Upside,Cedi appreciation +40%,Cedi appreciates 40% on structural reforms,FIN03,delta,2.2385,2,4,3,Currency management (enhanced),FY25 magnitude,0.5
S13_v0.5_1,Combined,Network crisis + climate compound,Major outage + flooding + diesel shortage,FIN03,delta,-1.7814,2,5,6,Resilience investment,cost overrun,0.5
S67_v1.0_2,Upside,5G auction win - MTN leads,MTN wins 5G spectrum cheaply,DataShare,delta,2.2599,4,3,3,5G leadership (enhanced),competitive advantage,1.0
S56_v1.5_2,Combined,Perfect storm (macro+cyber+regulatory+climate),Worst‑case combined event,SEG03,pct,-57.658,1,5,8,Comprehensive resilience (enhanced),MoMo wipeout,1.5
S03_v1.5_1,Stress,MoMo e-levy increase to 1.5%,Govt raises e-levy from 1% to 1.5%,OPS01,pct,-24.1477,3,4,2,Pricing strategy (enhanced),user decline observed,1.5
S63_v1.0_1,Stress,NCA small fine GHS 100m,Minor compliance fine,Fine,abs,96.2717,4,2,1,Compliance (enhanced),industry norm,1.0
S20_v0.5_2,Stress,IMF conditionality tightening,"IMF demands higher tariffs, spending cuts",FIN01,pct,-0.8231,3,3,3,Strategic planning,FY23 IMF programme,0.5
S54_v1.5_1,Upside,Ghana GDP 8%+ super-cycle,"Oil & mining boom, GDP growth >8%",OPS01,pct,7.5169,2,3,2,Macro hedging,historical boom,1.5
S51_v1.5_2,Stress,Labour dispute - extended strike,Union strikes for 4 weeks over pay,CustomerService,delta,-0.7724,2,3,2,Employee relations,NPS decline,1.5
S52_v1.5_1,Upside,5G early mover - enterprise revenue surge,"MTN launches 5G first, grabs enterprise share",EnterpriseRev,pct,38.0081,3,3,4,5G investment,FY26 forecast,1.5
S17_v0.5_2,Stress,BoG emergency rate hike to 35%,MPC hikes policy rate to 35% in emergency meeting,WorkingCapital,delta,11.5275,2,4,2,Refinancing (enhanced),interest cost,0.5
S50_v1.5_2,Shock,CEO + CFO simultaneous departure,Both top executives resign unexpectedly,SharePrice,pct,-17.5742,2,3,1,Succession planning,market reaction,1.5
S15_v1.5_2,Stress,Cedi devaluation -40% (severe),"Cedi plummets 40% in 3 months, BoG intervenes",FIN03,delta,-6.6569,2,5,4,Emergency tariff repricing,USD cost pass-through,1.5
S52_v0.5_1,Upside,5G early mover - enterprise revenue surge,"MTN launches 5G first, grabs enterprise share",DataARPU,pct,7.0587,3,3,4,5G investment,premium pricing,0.5
S30_v1.5_2,Shock,SIM re-registration 2.0 - 6-month disruption,"Mandatory new SIM registration, 6‑month process",DataSubs,pct,-9.4907,3,4,6,Stakeholder engagement (enhanced),data impact,1.5
S30_v1.5_2,Shock,SIM re-registration 2.0 - 6-month disruption,"Mandatory new SIM registration, 6‑month process",ActiveSubs,pct,-12.4408,3,4,6,Stakeholder engagement,Nigeria SIM registration,1.5
S16_v0.5_1,Stress,Hyperinflation return - 50%+,"Inflation exceeds 50%, currency crisis deepens",Opex,pct,20.2506,2,5,6,Cost pass-through,FY22 extreme,0.5
S58_v1.5_2,Stress,Cedi devaluation -50% (extreme),"Cedi loses 50% in 6 months, hyperinflation",FIN01,pct,-28.0969,1,6,8,Contingency planning,elasticity extrapolation,1.5
S61_v1.5_1,Upside,Policy rate cut to 20% (stimulus),BoG cuts rate aggressively,FIN03,delta,2.1027,3,3,2,Debt restructuring,interest saving,1.5
S15_v1.5_2,Stress,Cedi devaluation -40% (severe),"Cedi plummets 40% in 3 months, BoG intervenes",Capex,pct,-34.3943,2,5,4,Emergency tariff repricing,investment pause,1.5
S77_v1.5_2,Upside,FX hedging gain (unexpected),Cedi weakens but MTN had hedged,FIN03,delta,0.7399,4,2,1,Hedging strategy,windfall,1.5
S86_v1.0_2,Upside,Green energy subsidy,Govt subsidises solar for cell sites,FIN03,delta,0.5115,4,2,2,Solar investment,operating cost,1.0
S12_v1.0_2,Combined,Fintech disruption + regulatory pressure,Bank-led wallets capture MoMo share + e-levy hike,FIN02,pct,-5.2769,3,4,4,Fintech strategy (enhanced),earnings impact,1.0
S10_v1.5_2,Shock,Competitive intensification (ARPU pressure),Price war cuts data tariffs 30% across market,OPS04,pct,-15.9406,3,4,2,Product differentiation,FY19 competition,1.5
S38_v1.0_2,Shock,National grid + telecoms cyberattack,State‑sponsored attack on grid and telcos,SitesOffline,pct,20.7308,1,5,8,National security (enhanced),extreme scenario,1.0
S52_v1.0_2,Upside,5G early mover - enterprise revenue surge,"MTN launches 5G first, grabs enterprise share",DataARPU,pct,14.6203,3,3,4,5G investment (enhanced),premium pricing,1.0
S26_v1.5_2,Stress,Spectrum refarming forced at cost,Refarming 2G/3G to 4G/5G at NCA's cost,Capex,abs,1164.0172,3,3,3,Network planning (enhanced),MTN SA refarming cost,1.5
S50_v0.5_1,Shock,CEO + CFO simultaneous departure,Both top executives resign unexpectedly,StrategyRisk,delta,0.5254,2,3,1,Succession planning,execution,0.5
S31_v1.0_1,Stress,Data Protection Act fine - major enforcement,DPC fines MTN GHS 500m for data breach,ComplianceOpex,abs,192.872,3,3,2,Data compliance,remediation cost,1.0
S58_v1.5_2,Stress,Cedi devaluation -50% (extreme),"Cedi loses 50% in 6 months, hyperinflation",FIN03,delta,-8.8007,1,6,8,Contingency planning,margin collapse,1.5
S55_v1.0_2,Upside,Cedi appreciation +40%,Cedi appreciates 40% on structural reforms,FXGain,delta,0.8812,2,4,3,Currency management,net assets,1.0
S07_v1.0_2,Shock,Spectrum dispute - 4G degradation,"Regulator forces spectrum reallocation, 4G speeds drop",FIN01,pct,-8.2183,2,4,2,Litigation & lobbying,MTN Nigeria precedent,1.0
S38_v0.5_2,Shock,National grid + telecoms cyberattack,State‑sponsored attack on grid and telcos,EmergencyOpex,pct,10.6105,1,5,8,National security,restoration cost,0.5
S82_v0.5_2,Upside,AI customer service breakthrough,AI reduces call centre costs 30%,FIN03,delta,0.8834,4,3,2,Automation investment,cost reduction,0.5
S82_v1.5_2,Upside,AI customer service breakthrough,AI reduces call centre costs 30%,FIN03,delta,3.0276,4,3,2,Automation investment,cost reduction,1.5
S13_v0.5_2,Combined,Network crisis + climate compound,Major outage + flooding + diesel shortage,Sites,delta,-177.4806,2,5,6,Resilience investment (enhanced),worst-case scenario,0.5
S02_v1.5_1,Stress,Inflation resurgence to 25%,CPI hits 25% due to fiscal slippage,FIN01,pct,-6.4949,3,3,2,Cost optimisation (enhanced),FY22 inflation impact,1.5
S56_v0.5_2,Combined,Perfect storm (macro+cyber+regulatory+climate),Worst‑case combined event,FIN01,pct,-13.2592,1,5,8,Comprehensive resilience,extreme tail,0.5
S33_v1.5_1,Shock,Ransomware - core network 10-day outage,"Full network outage due to ransomware, 10 days",FIN01,pct,-28.7577,1,5,4,Cyber insurance (enhanced),MTN Nigeria 2023 analogue,1.5
S88_v1.5_2,Stress,MTN Group cross‑guarantee,"Parent guarantees Ghana debt, improves credit",CreditSpread,delta,-159.7297,4,2,2,Group treasury,debt cost down,1.5
S06_v0.5_2,Shock,Major cyber breach - 5-day MoMo outage,Ransomware locks MoMo platform for 5 days,FIN02,pct,-1.5356,2,5,3,Cyber resilience (enhanced),revenue loss + fines,0.5
S64_v1.0_2,Stress,NCA very large fine GHS 1.2bn,Major anti‑trust fine,FIN03,delta,-4.1651,2,5,4,Legal reserve,EBITDA reduction,1.0
S38_v0.5_1,Shock,National grid + telecoms cyberattack,State‑sponsored attack on grid and telcos,EmergencyOpex,pct,12.0538,1,5,8,National security,restoration cost,0.5
S56_v1.0_1,Combined,Perfect storm (macro+cyber+regulatory+climate),Worst‑case combined event,FIN01,pct,-23.847,1,5,8,Comprehensive resilience,extreme tail,1.0
S15_v0.5_2,Stress,Cedi devaluation -40% (severe),"Cedi plummets 40% in 3 months, BoG intervenes",FIN01,pct,-7.3488,2,5,4,Emergency tariff repricing,FY22 0.32 elasticity compounded,0.5
S01_v0.5_2,Stress,Cedi devaluation -25%,Cedi drops 25% vs USD over 2 quarters,OPS04,pct,-7.3645,3,4,3,Emergency tariff repricing,FY22 analogue 0.32 elasticity,0.5
S18_v1.0_2,Stress,Ghana sovereign downgrade to junk,"Moody's cuts Ghana to Caa1, foreign debt frozen",RiskPremium,delta,501.8959,2,4,6,Onshore reinvestment,sovereign spread,1.0
S41_v0.5_1,Shock,New MVNO entry - tech giant,Amazon or Google launches MVNO in Ghana,Enterprise,pct,-4.897,2,4,3,Strategic partnership (enhanced),business segment,0.5
S25_v1.0_2,Stress,NCA universal service levy increase,Levy raised from 1% to 2% of revenue,Opex,abs,382.6104,3,3,1,Compliance,industry levy rate,1.0
S10_v1.5_1,Shock,Competitive intensification (ARPU pressure),Price war cuts data tariffs 30% across market,FIN01,pct,-9.0503,3,4,2,Product differentiation (enhanced),revenue erosion,1.5
S60_v0.5_1,Stress,Inflation 35% (severe),CPI hits 35% after currency crisis,FIN03,delta,-2.2124,2,5,3,Price elasticity (enhanced),FY22 extreme,0.5
S01_v1.0_1,Stress,Cedi devaluation -25%,Cedi drops 25% vs USD over 2 quarters,FIN02,pct,-12.7896,3,4,3,Emergency tariff repricing,FY22 analogue 0.32 elasticity,1.0
S45_v1.5_1,Stress,OTT substitution accelerates - voice collapse,WhatsApp voice + video kills traditional voice,VoiceRev,pct,-32.0882,4,3,2,OTT monetisation (enhanced),global trend,1.5
S59_v1.0_2,Stress,Inflation 15% (moderate),CPI rises to 15% on food prices,FIN03,delta,-1.4218,3,2,1,Cost control,FY23 average,1.0
S38_v1.5_1,Shock,National grid + telecoms cyberattack,State‑sponsored attack on grid and telcos,FIN01,pct,-22.7306,1,5,8,National security,revenue collapse,1.5
S86_v1.5_2,Upside,Green energy subsidy,Govt subsidises solar for cell sites,FIN03,delta,0.7565,4,2,2,Solar investment,operating cost,1.5
S49_v1.0_1,Stress,Tower equipment supply chain disruption,Huawei sanctions delay tower equipment 6 months,CapexEfficiency,pct,-30.2529,3,3,2,Supplier diversification (enhanced),global chip shortage,1.0
S72_v1.0_2,Stress,ECG load-shedding Stage 3 - 3 months,Daily 4‑hour power cuts,DieselOpex,abs,185.2414,4,3,3,Power backup (enhanced),FY23 level,1.0
S11_v1.0_2,Combined,Ghana macro reversal,"IMF suspension, cedi collapse, inflation spike",OPS01,pct,-2.474,3,5,6,Diversification,population impact,1.0
S74_v1.0_2,Stress,Labour dispute - 1 week strike,"Short strike, minimal impact",Opex,abs,57.5995,4,2,1,Labour relations,small cost,1.0
S50_v1.0_2,Shock,CEO + CFO simultaneous departure,Both top executives resign unexpectedly,SharePrice,pct,-10.9982,2,3,1,Succession planning,market reaction,1.0
S33_v0.5_1,Shock,Ransomware - core network 10-day outage,"Full network outage due to ransomware, 10 days",OPS01,pct,-3.0054,1,5,4,Cyber insurance (enhanced),subscriber loss,0.5
S31_v0.5_1,Stress,Data Protection Act fine - major enforcement,DPC fines MTN GHS 500m for data breach,ComplianceOpex,abs,95.8617,3,3,2,Data compliance,remediation cost,0.5
S61_v1.5_1,Upside,Policy rate cut to 20% (stimulus),BoG cuts rate aggressively,FIN01,pct,2.8676,3,3,2,Debt restructuring,lower borrowing cost,1.5
S54_v1.0_2,Upside,Ghana GDP 8%+ super-cycle,"Oil & mining boom, GDP growth >8%",OPS01,pct,4.6977,2,3,2,Macro hedging,historical boom,1.0
S15_v0.5_1,Stress,Cedi devaluation -40% (severe),"Cedi plummets 40% in 3 months, BoG intervenes",FIN02,pct,-10.8467,2,5,4,Emergency tariff repricing,EBITDA erosion,0.5
S01_v1.0_2,Stress,Cedi devaluation -25%,Cedi drops 25% vs USD over 2 quarters,FIN02,pct,-10.828,3,4,3,Emergency tariff repricing,FY22 analogue 0.32 elasticity,1.0
S30_v1.0_2,Shock,SIM re-registration 2.0 - 6-month disruption,"Mandatory new SIM registration, 6‑month process",DataSubs,pct,-6.5055,3,4,6,Stakeholder engagement (enhanced),data impact,1.0
S16_v0.5_1,Stress,Hyperinflation return - 50%+,"Inflation exceeds 50%, currency crisis deepens",FIN03,delta,-2.8727,2,5,6,Cost pass-through,operating leverage,0.5
S72_v0.5_2,Stress,ECG load-shedding Stage 3 - 3 months,Daily 4‑hour power cuts,DieselOpex,abs,104.3739,4,3,3,Power backup,FY23 level,0.5
S25_v0.5_2,Stress,NCA universal service levy increase,Levy raised from 1% to 2% of revenue,Opex,abs,197.6902,3,3,1,Compliance,industry levy rate,0.5
S57_v0.5_2,Stress,Cedi devaluation -15% (mild),Cedi weakens 15% gradually,OPS04,pct,-4.2301,3,2,2,Tariff repricing,ARPU effect,0.5
S20_v0.5_2,Stress,IMF conditionality tightening,"IMF demands higher tariffs, spending cuts",ConsumerSpending,pct,-2.33,3,3,3,Strategic planning (enhanced),disposable income,0.5
S55_v0.5_2,Upside,Cedi appreciation +40%,Cedi appreciates 40% on structural reforms,FXGain,delta,0.5001,2,4,3,Currency management,net assets,0.5
S08_v1.5_1,Shock,Major flood - 300+ sites down,Heavy rains damage 300 cell sites across south,Capex,pct,24.2172,2,3,2,Disaster recovery (enhanced),replacement cost,1.5
S62_v0.5_2,Stress,Ghana GDP growth 0% (stagnation),GDP growth 0% (stagnation),Subscribers,pct,-0.5742,3,3,2,Cost rationalisation (enhanced),disposable income,0.5
S06_v1.0_2,Shock,Major cyber breach - 5-day MoMo outage,Ransomware locks MoMo platform for 5 days,SEG03,pct,-12.1772,2,5,3,Cyber resilience (enhanced),industry benchmark,1.0
S19_v0.5_1,Upside,Cedi appreciation +30%,Cedi strengthens 30% on oil windfall,USDOpex,pct,-8.0227,3,3,2,Shareholder returns,cost relief,0.5
S30_v1.5_1,Shock,SIM re-registration 2.0 - 6-month disruption,"Mandatory new SIM registration, 6‑month process",MoMoUsers,pct,-16.5069,3,4,6,Stakeholder engagement,fintech impact,1.5
S08_v0.5_2,Shock,Major flood - 300+ sites down,Heavy rains damage 300 cell sites across south,FIN01,pct,-1.0123,2,3,2,Disaster recovery (enhanced),FY21 flooding impact,0.5
S86_v0.5_1,Upside,Green energy subsidy,Govt subsidises solar for cell sites,FIN03,delta,0.248,4,2,2,Solar investment,operating cost,0.5
S61_v1.0_1,Upside,Policy rate cut to 20% (stimulus),BoG cuts rate aggressively,FIN03,delta,1.6229,3,3,2,Debt restructuring,interest saving,1.0
